current_date,hcho_reading
2019-01-01,0.00019082938869567843
2019-01-02,0.00019082938869567843
2019-01-03,0.00019082938869567843
2019-01-04,5.0976259171277377e-05
2019-01-05,6.456645496655256e-05
2019-01-06,8.982348709518115e-05
2019-01-07,4.097797651418246e-05
2019-01-08,4.097797651418246e-05
2019-01-09,4.097797651418246e-05
2019-01-10,3.914670787137749e-05
2019-01-11,3.914670787137749e-05
2019-01-12,3.914670787137749e-05
2019-01-13,4.211950727039948e-05
2019-01-14,4.211950727039948e-05
2019-01-15,4.27055256923008e-05
2019-01-16,4.27055256923008e-05
2019-01-17,0.00010771554809122464
2019-01-18,2.1021983917616697e-05
2019-01-19,3.5177822608346057e-05
2019-01-20,8.95718212363389e-06
2019-01-21,0.00011696235570849296
2019-01-22,0.0001423180803672958
2019-01-23,5.387086215710865e-05
2019-01-24,5.8914353326833725e-05
2019-01-25,5.8914353326833725e-05
2019-01-26,0.0002670134014020161
2019-01-27,0.0002670134014020161
2019-01-28,0.00015090177723746967
2019-01-29,0.00018415694765481214
2019-01-30,3.054402387193301e-05
2019-01-31,3.6008610393953005e-05
2019-02-01,7.778077086008773e-05
2019-02-02,7.778077086008773e-05
2019-02-03,7.778077086008773e-05
2019-02-04,7.778077086008773e-05
2019-02-05,8.962996522611401e-05
2019-02-06,8.962996522611401e-05
2019-02-07,8.962996522611401e-05
2019-02-08,6.902842232093944e-05
2019-02-09,6.902842232093944e-05
2019-02-10,5.539429507152505e-05
2019-02-11,5.539429507152505e-05
2019-02-12,7.972334424266592e-05
2019-02-13,7.972334424266592e-05
2019-02-14,7.972334424266592e-05
2019-02-15,7.972334424266592e-05
2019-02-16,0.00017330924468628338
2019-02-17,0.00017330924468628338
2019-02-18,0.00017330924468628338
2019-02-19,0.0002395688257623661
2019-02-20,0.00010757249040024109
2019-02-21,0.00010757249040024109
2019-02-22,0.00018952218198052022
2019-02-23,0.00018952218198052022
2019-02-24,0.0002670134014020161
2019-02-25,0.0002670134014020161
2019-02-26,0.0002670134014020161
2019-02-27,0.0002670134014020161
2019-02-28,0.00012354057977523956
2019-03-01,0.00012354057977523956
2019-03-02,0.00012354057977523956
2019-03-03,0.00012354057977523956
2019-03-04,0.00014772640812876656
2019-03-05,0.00014772640812876656
2019-03-06,6.384192250393643e-05
2019-03-07,0.00016732222462669005
2019-03-08,8.084443465562647e-05
2019-03-09,8.084443465562647e-05
2019-03-10,6.543632959168698e-05
2019-03-11,6.152930957380892e-05
2019-03-12,0.0002626515739848696
2019-03-13,0.0002626515739848696
2019-03-14,9.745691103711994e-05
2019-03-15,0.0001547611296419195
2019-03-16,0.00012652245424167518
2019-03-17,0.00012652245424167518
2019-03-18,3.81896059352209e-05
2019-03-19,3.81896059352209e-05
2019-03-20,3.81896059352209e-05
2019-03-21,6.845485111101992e-05
2019-03-22,6.845485111101992e-05
2019-03-23,0.000118457295309225
2019-03-24,0.00023370619790838445
2019-03-25,5.820339193343703e-05
2019-03-26,8.722993536189284e-05
2019-03-27,9.746027246583775e-05
2019-03-28,0.00016928171811592924
2019-03-29,0.00019407019919712423
2019-03-30,0.00019995411148601559
2019-03-31,0.00010308577695640033
2019-04-01,0.00013454945595910712
2019-04-02,0.0001449825117530232
2019-04-03,0.00014252761028011639
2019-04-04,0.00011968426673198348
2019-04-05,0.00011968426673198348
2019-04-06,0.00010291671538449099
2019-04-07,0.00010291671538449099
2019-04-08,6.757815417269227e-05
2019-04-09,6.757815417269227e-05
2019-04-10,6.757815417269227e-05
2019-04-11,0.00014083574622381455
2019-04-12,0.00014083574622381455
2019-04-13,0.000190590748536576
2019-04-14,0.000190590748536576
2019-04-15,0.000190590748536576
2019-04-16,0.000190590748536576
2019-04-17,0.000190590748536576
2019-04-18,0.00010249998238354503
2019-04-19,0.00010249998238354503
2019-04-20,0.00010249998238354503
2019-04-21,0.00010249998238354503
2019-04-22,0.00010249998238354503
2019-04-23,0.00017425850069534727
2019-04-24,0.0002670134014020161
2019-04-25,0.0002670134014020161
2019-04-26,7.111501928962651e-05
2019-04-27,7.111501928962651e-05
2019-04-28,0.00010932718781349264
2019-04-29,0.00010932718781349264
2019-04-30,0.00012033788870732259
2019-05-01,0.00012033788870732259
2019-05-02,0.00013369230311094664
2019-05-03,0.00013369230311094664
2019-05-04,7.002533500214887e-05
2019-05-05,4.388346007494007e-05
2019-05-06,0.0001055412390811
2019-05-07,0.00010364625770219014
2019-05-08,5.81859056799875e-05
2019-05-09,0.00021518632543738106
2019-05-10,0.00015207003783571335
2019-05-11,8.896596670445717e-05
2019-05-12,8.896596670445717e-05
2019-05-13,0.0002670134014020161
2019-05-14,0.0002670134014020161
2019-05-15,0.00022213622306248675
2019-05-16,0.0001343666372122243
2019-05-17,0.0001343666372122243
2019-05-18,0.0002670134014020161
2019-05-19,0.0002670134014020161
2019-05-20,8.031848961353504e-05
2019-05-21,0.00012228738628442584
2019-05-22,0.00012228738628442584
2019-05-23,0.00012228738628442584
2019-05-24,3.6341561558326346e-05
2019-05-25,3.6341561558326346e-05
2019-05-26,3.6341561558326346e-05
2019-05-27,0.00011956441095968829
2019-05-28,9.84078342114136e-05
2019-05-29,0.00013701260839114204
2019-05-30,5.092769901518664e-05
2019-05-31,0.0002670134014020161
2019-06-01,5.587982157832464e-05
2019-06-02,3.772535689224513e-05
2019-06-03,3.772535689224513e-05
2019-06-04,3.772535689224513e-05
2019-06-05,3.772535689224513e-05
2019-06-06,0.00010429508276484942
2019-06-07,0.00010429508276484942
2019-06-08,0.00010429508276484942
2019-06-09,0.00010429508276484942
2019-06-10,0.00010429508276484942
2019-06-11,8.858704770824554e-05
2019-06-12,8.858704770824554e-05
2019-06-13,0.00019896880257874725
2019-06-14,0.00019896880257874725
2019-06-15,6.074488532642667e-05
2019-06-16,0.00010121508871509923
2019-06-17,8.275653874941797e-05
2019-06-18,8.291602308825832e-06
2019-06-19,4.317640515599125e-05
2019-06-20,9.229919803482012e-05
2019-06-21,9.229919803482012e-05
2019-06-22,0.00014793659133745693
2019-06-23,6.17899931725921e-05
2019-06-24,6.17899931725921e-05
2019-06-25,0.00013480283300075193
2019-06-26,0.00013480283300075193
2019-06-27,8.074711312637191e-05
2019-06-28,0.00012599973617883494
2019-06-29,0.00011053869668157227
2019-06-30,0.00010861635317171407
2019-07-01,5.762188204561666e-05
2019-07-02,0.00016234922594866332
2019-07-03,0.0001738523006491845
2019-07-04,0.0001738523006491845
2019-07-05,0.0001177761070948761
2019-07-06,0.00013692654808972342
2019-07-07,0.00018631865055130357
2019-07-08,0.00024779655935001373
2019-07-09,0.00024779655935001373
2019-07-10,0.00012923024433062426
2019-07-11,0.00012923024433062426
2019-07-12,0.00011696428002390113
2019-07-13,0.00011696428002390113
2019-07-14,0.00011696428002390113
2019-07-15,5.911798409791456e-05
2019-07-16,5.911798409791456e-05
2019-07-17,3.329885377230573e-05
2019-07-18,3.329885377230573e-05
2019-07-19,3.329885377230573e-05
2019-07-20,3.329885377230573e-05
2019-07-21,9.433908685854997e-05
2019-07-22,9.433908685854997e-05
2019-07-23,9.433908685854997e-05
2019-07-24,0.00016593272289239933
2019-07-25,0.00016593272289239933
2019-07-26,0.00011847122426213848
2019-07-27,0.00011145483952249561
2019-07-28,4.1875171933664044e-05
2019-07-29,0.00016172422051375518
2019-07-30,0.00010801142718667734
2019-07-31,7.751671709410368e-05
2019-08-01,0.00013297369206530696
2019-08-02,0.00013297369206530696
2019-08-03,5.651169903300146e-05
2019-08-04,5.651169903300146e-05
2019-08-05,5.651169903300146e-05
2019-08-06,5.651169903300146e-05
2019-08-07,5.651169903300146e-05
2019-08-08,5.651169903300146e-05
2019-08-09,5.651169903300146e-05
2019-08-10,5.651169903300146e-05
2019-08-11,3.799505288802035e-05
2019-08-12,3.799505288802035e-05
2019-08-13,3.799505288802035e-05
2019-08-14,3.799505288802035e-05
2019-08-15,3.799505288802035e-05
2019-08-16,3.799505288802035e-05
2019-08-17,3.799505288802035e-05
2019-08-18,3.799505288802035e-05
2019-08-19,3.799505288802035e-05
2019-08-20,3.799505288802035e-05
2019-08-21,3.799505288802035e-05
2019-08-22,3.799505288802035e-05
2019-08-23,3.799505288802035e-05
2019-08-24,3.799505288802035e-05
2019-08-25,2.82110260500617e-05
2019-08-26,2.82110260500617e-05
2019-08-27,2.82110260500617e-05
2019-08-28,2.82110260500617e-05
2019-08-29,2.82110260500617e-05
2019-08-30,2.82110260500617e-05
2019-08-31,9.445839367563298e-05
2019-09-01,9.445839367563298e-05
2019-09-02,8.64964669904217e-05
2019-09-03,3.3414233799745706e-05
2019-09-04,0.0001167298779080935
2019-09-05,0.0001167298779080935
2019-09-06,4.987681369842603e-05
2019-09-07,4.987681369842603e-05
2019-09-08,0.00025938711155939467
2019-09-09,8.982164139944275e-05
2019-09-10,8.982164139944275e-05
2019-09-11,8.982164139944275e-05
2019-09-12,8.982164139944275e-05
2019-09-13,8.982164139944275e-05
2019-09-14,3.6572593671735376e-05
2019-09-15,3.6572593671735376e-05
2019-09-16,3.6572593671735376e-05
2019-09-17,3.6572593671735376e-05
2019-09-18,3.6572593671735376e-05
2019-09-19,3.6572593671735376e-05
2019-09-20,4.00684436684202e-05
2019-09-21,4.00684436684202e-05
2019-09-22,4.00684436684202e-05
2019-09-23,4.00684436684202e-05
2019-09-24,4.00684436684202e-05
2019-09-25,4.00684436684202e-05
2019-09-26,4.00684436684202e-05
2019-09-27,0.00010372149396815934
2019-09-28,0.00010372149396815934
2019-09-29,0.00010372149396815934
2019-09-30,0.00010372149396815934
2019-10-01,0.00010372149396815934
2019-10-02,0.00010372149396815934
2019-10-03,0.00010372149396815934
2019-10-04,0.00010372149396815934
2019-10-05,0.00010372149396815934
2019-10-06,0.00010372149396815934
2019-10-07,0.00010372149396815934
2019-10-08,2.680059781088767e-05
2019-10-09,2.680059781088767e-05
2019-10-10,2.680059781088767e-05
2019-10-11,2.680059781088767e-05
2019-10-12,2.680059781088767e-05
2019-10-13,2.680059781088767e-05
2019-10-14,2.680059781088767e-05
2019-10-15,2.680059781088767e-05
2019-10-16,8.089742914307863e-05
2019-10-17,8.089742914307863e-05
2019-10-18,8.089742914307863e-05
2019-10-19,8.089742914307863e-05
2019-10-20,0.00021447340259328482
2019-10-21,0.00021447340259328482
2019-10-22,0.00021447340259328482
2019-10-23,0.00021447340259328482
2019-10-24,0.00021447340259328482
2019-10-25,0.00021447340259328482
2019-10-26,0.00021447340259328482
2019-10-27,0.00021447340259328482
2019-10-28,0.0001060299718198474
2019-10-29,0.0001060299718198474
2019-10-30,0.0001060299718198474
2019-10-31,0.0001060299718198474
2019-11-01,0.0001060299718198474
2019-11-02,0.0001060299718198474
2019-11-03,0.0001060299718198474
2019-11-04,0.00011974925858546075
2019-11-05,0.00011974925858546075
2019-11-06,0.00011974925858546075
2019-11-07,0.00020194489871581367
2019-11-08,0.00018757440931774734
2019-11-09,0.00018757440931774734
2019-11-10,0.00018757440931774734
2019-11-11,0.0001796965460638953
2019-11-12,0.0001796965460638953
2019-11-13,4.990433807850961e-05
2019-11-14,1.0639170243363802e-05
2019-11-15,1.0639170243363802e-05
2019-11-16,1.0639170243363802e-05
2019-11-17,0.0001715080615397697
2019-11-18,0.0001715080615397697
2019-11-19,0.0001715080615397697
2019-11-20,0.0001715080615397697
2019-11-21,0.0001715080615397697
2019-11-22,0.0001715080615397697
2019-11-23,0.0001715080615397697
2019-11-24,0.0001715080615397697
2019-11-25,0.0001715080615397697
2019-11-26,0.0001715080615397697
2019-11-27,0.0001715080615397697
2019-11-28,6.0601217333582715e-05
2019-11-29,6.0601217333582715e-05
2019-11-30,6.0601217333582715e-05
2019-12-01,6.0601217333582715e-05
2019-12-02,6.0601217333582715e-05
2019-12-03,6.0601217333582715e-05
2019-12-04,6.0601217333582715e-05
2019-12-05,6.0601217333582715e-05
2019-12-06,6.0601217333582715e-05
2019-12-07,6.0601217333582715e-05
2019-12-08,6.0601217333582715e-05
2019-12-09,6.0601217333582715e-05
2019-12-10,5.144756876329371e-05
2019-12-11,5.144756876329371e-05
2019-12-12,5.144756876329371e-05
2019-12-13,5.144756876329371e-05
2019-12-14,1.5113010024269242e-05
2019-12-15,1.5113010024269242e-05
2019-12-16,0.00020593001681845638
2019-12-17,0.00020593001681845638
2019-12-18,0.00020593001681845638
2019-12-19,0.00020593001681845638
2019-12-20,2.4497794584021904e-05
2019-12-21,2.4497794584021904e-05
2019-12-22,2.4497794584021904e-05
2019-12-23,2.4497794584021904e-05
2019-12-24,5.2385187031481246e-06
2019-12-25,5.2385187031481246e-06
2019-12-26,8.490988554769745e-05
2019-12-27,8.490988554769745e-05
2019-12-28,5.037097735972281e-05
2019-12-29,0.00019360772674565884
2019-12-30,2.837138933940408e-05
2019-12-31,1.8020774742708853e-05
2020-01-01,1.8020774742708853e-05
2020-01-02,7.971946523881809e-05
2020-01-03,7.971946523881809e-05
2020-01-04,0.0002221059548901394
2020-01-05,0.00011595836171491017
2020-01-06,6.421119687120402e-05
2020-01-07,6.421119687120402e-05
2020-01-08,0.0001254094677278772
2020-01-09,9.527971988931569e-05
2020-01-10,5.4243914301464626e-05
2020-01-11,4.828142649293358e-05
2020-01-12,3.1963263609213755e-06
2020-01-13,3.1963263609213755e-06
2020-01-14,0.00010085771890115634
2020-01-15,0.0002670134014020161
2020-01-16,0.0002670134014020161
2020-01-17,0.0002670134014020161
2020-01-18,0.00023338525497720254
2020-01-19,0.00023338525497720254
2020-01-20,0.00023338525497720254
2020-01-21,5.044574209023267e-06
2020-01-22,5.044574209023267e-06
2020-01-23,5.044574209023267e-06
2020-01-24,0.00025145557841619974
2020-01-25,0.00025145557841619974
2020-01-26,0.00025145557841619974
2020-01-27,1.5972322239645614e-05
2020-01-28,2.4162307975538745e-05
2020-01-29,8.765511960787914e-05
2020-01-30,0.0001547180170078896
2020-01-31,0.0001338702093236316
2020-02-01,0.0001338702093236316
2020-02-02,2.5702771381475028e-05
2020-02-03,2.5702771381475028e-05
2020-02-04,7.986340575507248e-05
2020-02-05,7.986340575507248e-05
2020-02-06,0.00013821756040296914
2020-02-07,0.00013176415340454442
2020-02-08,6.650182181808007e-05
2020-02-09,0.0001973866856970578
2020-02-10,7.765335944064576e-05
2020-02-11,0.00014109008288079022
2020-02-12,0.00014109008288079022
2020-02-13,0.00014109008288079022
2020-02-14,6.299200630407998e-05
2020-02-15,6.299200630407998e-05
2020-02-16,0.0001506198266539668
2020-02-17,0.0002670134014020161
2020-02-18,0.00021799500632336852
2020-02-19,0.000168092297963584
2020-02-20,0.00015874096952341033
2020-02-21,0.00015874096952341033
2020-02-22,0.00015874096952341033
2020-02-23,2.790848919363411e-05
2020-02-24,2.790848919363411e-05
2020-02-25,8.692230779587012e-05
2020-02-26,9.321953062533167e-05
2020-02-27,0.00011825453196439224
2020-02-28,0.00010382975823079962
2020-02-29,0.00010382975823079962
2020-03-01,0.00016105560645828014
2020-03-02,0.0002670134014020161
2020-03-03,0.0001563871088153776
2020-03-04,0.0001276065604158802
2020-03-05,0.0001276065604158802
2020-03-06,0.00015345304546965767
2020-03-07,0.00015345304546965767
2020-03-08,0.00023583304153457232
2020-03-09,0.00012697364213997916
2020-03-10,0.00011962012164538827
2020-03-11,0.00011646858059666892
2020-03-12,5.913030676123423e-05
2020-03-13,8.650040171724271e-05
2020-03-14,0.0002230960695464246
2020-03-15,0.00014794759687955422
2020-03-16,5.1034690841333934e-05
2020-03-17,5.1034690841333934e-05
2020-03-18,0.00012132664130223473
2020-03-19,0.00012132664130223473
2020-03-20,0.00023100200102234227
2020-03-21,4.420323884869883e-05
2020-03-22,9.311439889637561e-05
2020-03-23,0.00023005876033126382
2020-03-24,0.00015617154202160932
2020-03-25,0.00017457911081278786
2020-03-26,0.00017457911081278786
2020-03-27,0.00017051650472492817
2020-03-28,0.00013821946117183726
2020-03-29,9.987368024674012e-05
2020-03-30,7.624938460239996e-05
2020-03-31,5.386648690279978e-05
2020-04-01,0.00011222307379006291
2020-04-02,0.00015922649278320045
2020-04-03,0.00021238699829022385
2020-04-04,0.00021238699829022385
2020-04-05,0.0001614190987342073
2020-04-06,4.893659103010806e-05
2020-04-07,0.00013164837096314431
2020-04-08,3.009876749553373e-05
2020-04-09,0.00015376799074935356
2020-04-10,0.00011411036458791142
2020-04-11,0.00011411036458791142
2020-04-12,2.8014375307662372e-05
2020-04-13,2.8014375307662372e-05
2020-04-14,4.445108781175533e-05
2020-04-15,4.445108781175533e-05
2020-04-16,4.445108781175533e-05
2020-04-17,4.445108781175533e-05
2020-04-18,8.102869212988206e-05
2020-04-19,8.102869212988206e-05
2020-04-20,1.4180026992194256e-05
2020-04-21,1.9146328337616464e-05
2020-04-22,1.9146328337616464e-05
2020-04-23,1.9146328337616464e-05
2020-04-24,0.00020895428396534288
2020-04-25,0.00020895428396534288
2020-04-26,6.685037744020196e-05
2020-04-27,8.122499539115852e-05
2020-04-28,0.00012981215245629345
2020-04-29,4.5506879267505194e-05
2020-04-30,4.5506879267505194e-05
2020-05-01,0.0002670134014020161
2020-05-02,0.0002670134014020161
2020-05-03,8.531399790386687e-05
2020-05-04,8.531399790386687e-05
2020-05-05,8.531399790386687e-05
2020-05-06,8.531399790386687e-05
2020-05-07,8.531399790386687e-05
2020-05-08,3.394489074923621e-05
2020-05-09,3.394489074923621e-05
2020-05-10,3.394489074923621e-05
2020-05-11,3.394489074923621e-05
2020-05-12,3.394489074923621e-05
2020-05-13,3.394489074923621e-05
2020-05-14,6.379205298112547e-05
2020-05-15,6.379205298112547e-05
2020-05-16,6.379205298112547e-05
2020-05-17,6.379205298112547e-05
2020-05-18,0.00024108674892467025
2020-05-19,0.00024108674892467025
2020-05-20,0.00024108674892467025
2020-05-21,0.00024108674892467025
2020-05-22,9.361655575049512e-05
2020-05-23,9.361655575049512e-05
2020-05-24,2.9313758052738347e-05
2020-05-25,0.00014708255704991123
2020-05-26,0.00022536439095051315
2020-05-27,0.00022536439095051315
2020-05-28,0.00015941097136607825
2020-05-29,0.00015941097136607825
2020-05-30,6.765771051305225e-05
2020-05-31,6.408926959596066e-05
2020-06-01,8.56501957878967e-05
2020-06-02,3.471480400613344e-05
2020-06-03,0.00015436838814708484
2020-06-04,0.00011411295179954998
2020-06-05,7.77897683573902e-05
2020-06-06,7.77897683573902e-05
2020-06-07,7.77897683573902e-05
2020-06-08,3.434125235164873e-05
2020-06-09,3.434125235164873e-05
2020-06-10,3.434125235164873e-05
2020-06-11,3.434125235164873e-05
2020-06-12,0.0001589332682540953
2020-06-13,0.0001589332682540953
2020-06-14,0.0001589332682540953
2020-06-15,0.0001589332682540953
2020-06-16,0.00014445236630499582
2020-06-17,0.00014445236630499582
2020-06-18,0.00010077014260179146
2020-06-19,2.810942446211327e-05
2020-06-20,6.764394546622817e-06
2020-06-21,6.764394546622817e-06
2020-06-22,0.00011844624809992202
2020-06-23,0.00011844624809992202
2020-06-24,0.00020621214051142834
2020-06-25,0.00020621214051142834
2020-06-26,1.44151457008988e-05
2020-06-27,1.44151457008988e-05
2020-06-28,1.44151457008988e-05
2020-06-29,5.5337856843744126e-05
2020-06-30,5.53492540802816e-05
2020-07-01,3.925838449686975e-05
2020-07-02,3.925838449686975e-05
2020-07-03,0.0002487005529016212
2020-07-04,0.0002487005529016212
2020-07-05,2.956633827493116e-05
2020-07-06,2.5985559876380276e-05
2020-07-07,7.669365863372583e-05
2020-07-08,7.669365863372583e-05
2020-07-09,7.669365863372583e-05
2020-07-10,7.17762642088081e-05
2020-07-11,7.17762642088081e-05
2020-07-12,7.17762642088081e-05
2020-07-13,0.00016331555919378246
2020-07-14,7.268614753835689e-05
2020-07-15,7.268614753835689e-05
2020-07-16,4.08860571681486e-05
2020-07-17,4.08860571681486e-05
2020-07-18,4.08860571681486e-05
2020-07-19,4.08860571681486e-05
2020-07-20,0.00023603919353471894
2020-07-21,0.00023603919353471894
2020-07-22,0.0001641782680617856
2020-07-23,3.940120436492337e-05
2020-07-24,1.8307914429828847e-05
2020-07-25,1.8307914429828847e-05
2020-07-26,1.8307914429828847e-05
2020-07-27,1.8307914429828847e-05
2020-07-28,1.8307914429828847e-05
2020-07-29,1.8307914429828847e-05
2020-07-30,1.8307914429828847e-05
2020-07-31,1.8307914429828847e-05
2020-08-01,1.8307914429828847e-05
2020-08-02,1.8307914429828847e-05
2020-08-03,3.338662814463333e-05
2020-08-04,3.338662814463333e-05
2020-08-05,3.338662814463333e-05
2020-08-06,3.338662814463333e-05
2020-08-07,3.338662814463333e-05
2020-08-08,3.338662814463333e-05
2020-08-09,3.338662814463333e-05
2020-08-10,3.338662814463333e-05
2020-08-11,3.338662814463333e-05
2020-08-12,3.338662814463333e-05
2020-08-13,3.338662814463333e-05
2020-08-14,8.667626106018816e-05
2020-08-15,8.667626106018816e-05
2020-08-16,8.667626106018816e-05
2020-08-17,6.735485344983625e-05
2020-08-18,6.735485344983625e-05
2020-08-19,2.3781878090163852e-05
2020-08-20,7.405326262252661e-05
2020-08-21,0.00012910536898179932
2020-08-22,0.00012910536898179932
2020-08-23,0.00012910536898179932
2020-08-24,0.00012910536898179932
2020-08-25,0.00012910536898179932
2020-08-26,0.00012910536898179932
2020-08-27,4.066184479083674e-05
2020-08-28,4.066184479083674e-05
2020-08-29,4.066184479083674e-05
2020-08-30,4.066184479083674e-05
2020-08-31,4.066184479083674e-05
2020-09-01,4.066184479083674e-05
2020-09-02,4.066184479083674e-05
2020-09-03,0.00010837896868327194
2020-09-04,0.00010837896868327194
2020-09-05,0.00010837896868327194
2020-09-06,0.00010837896868327194
2020-09-07,0.00010837896868327194
2020-09-08,0.00010837896868327194
2020-09-09,0.00010837896868327194
2020-09-10,0.00010837896868327194
2020-09-11,0.00010837896868327194
2020-09-12,0.00010837896868327194
2020-09-13,0.00010837896868327194
2020-09-14,0.00010837896868327194
2020-09-15,0.00010837896868327194
2020-09-16,0.00010837896868327194
2020-09-17,0.00010837896868327194
2020-09-18,0.00010837896868327194
2020-09-19,0.00010837896868327194
2020-09-20,7.112750198193982e-05
2020-09-21,7.112750198193982e-05
2020-09-22,7.112750198193982e-05
2020-09-23,7.112750198193982e-05
2020-09-24,7.112750198193982e-05
2020-09-25,7.112750198193982e-05
2020-09-26,7.112750198193982e-05
2020-09-27,7.112750198193982e-05
2020-09-28,7.112750198193982e-05
2020-09-29,7.112750198193982e-05
2020-09-30,7.112750198193982e-05
2020-10-01,7.112750198193982e-05
2020-10-02,7.112750198193982e-05
2020-10-03,7.112750198193982e-05
2020-10-04,7.112750198193982e-05
2020-10-05,6.444454029010681e-05
2020-10-06,2.9359238841637245e-05
2020-10-07,2.9359238841637245e-05
2020-10-08,2.9359238841637245e-05
2020-10-09,2.9359238841637245e-05
2020-10-10,2.9359238841637245e-05
2020-10-11,2.9359238841637245e-05
2020-10-12,1.863356916168653e-05
2020-10-13,1.863356916168653e-05
2020-10-14,1.863356916168653e-05
2020-10-15,1.863356916168653e-05
2020-10-16,1.863356916168653e-05
2020-10-17,1.863356916168653e-05
2020-10-18,0.00011373258975046763
2020-10-19,0.00011373258975046763
2020-10-20,7.762867309092792e-05
2020-10-21,7.762867309092792e-05
2020-10-22,1.6405422827528453e-06
2020-10-23,1.6405422827528453e-06
2020-10-24,0.00010609053711890377
2020-10-25,5.765260364341179e-05
2020-10-26,8.459547186976746e-05
2020-10-27,8.459547186976746e-05
2020-10-28,8.459547186976746e-05
2020-10-29,8.459547186976746e-05
2020-10-30,0.00018014392000169813
2020-10-31,0.00018014392000169813
2020-11-01,0.00018014392000169813
2020-11-02,0.00021422364917555255
2020-11-03,0.00021422364917555255
2020-11-04,0.00021422364917555255
2020-11-05,0.00021422364917555255
2020-11-06,0.00021422364917555255
2020-11-07,0.00021422364917555255
2020-11-08,5.552121763614652e-05
2020-11-09,5.552121763614652e-05
2020-11-10,5.552121763614652e-05
2020-11-11,5.552121763614652e-05
2020-11-12,5.552121763614652e-05
2020-11-13,5.552121763614652e-05
2020-11-14,5.552121763614652e-05
2020-11-15,5.552121763614652e-05
2020-11-16,5.552121763614652e-05
2020-11-17,5.552121763614652e-05
2020-11-18,5.552121763614652e-05
2020-11-19,5.552121763614652e-05
2020-11-20,4.101707495414875e-05
2020-11-21,4.101707495414875e-05
2020-11-22,4.101707495414875e-05
2020-11-23,4.101707495414875e-05
2020-11-24,4.101707495414875e-05
2020-11-25,4.101707495414875e-05
2020-11-26,4.101707495414875e-05
2020-11-27,4.0722158054193994e-05
2020-11-28,4.0722158054193994e-05
2020-11-29,0.00011185504455629726
2020-11-30,0.00011185504455629726
2020-12-01,0.00011185504455629726
2020-12-02,0.00011185504455629726
2020-12-03,0.00011185504455629726
2020-12-04,5.38102830412897e-05
2020-12-05,5.38102830412897e-05
2020-12-06,5.38102830412897e-05
2020-12-07,5.38102830412897e-05
2020-12-08,0.0002231214330577451
2020-12-09,0.0002231214330577451
2020-12-10,0.0002231214330577451
2020-12-11,0.0002231214330577451
2020-12-12,0.0002670134014020161
2020-12-13,0.0002670134014020161
2020-12-14,0.0002670134014020161
2020-12-15,6.401898028405714e-05
2020-12-16,8.736900134538711e-05
2020-12-17,0.0002670134014020161
2020-12-18,0.0002670134014020161
2020-12-19,0.0002670134014020161
2020-12-20,0.0002670134014020161
2020-12-21,0.0002670134014020161
2020-12-22,0.00012790350727593413
2020-12-23,0.00012790350727593413
2020-12-24,0.00012790350727593413
2020-12-25,0.00012790350727593413
2020-12-26,0.00012790350727593413
2020-12-27,0.00012790350727593413
2020-12-28,2.577250318826315e-05
2020-12-29,2.577250318826315e-05
2020-12-30,0.00013326558693429243
2020-12-31,0.00013326558693429243
2021-01-01,0.00013326558693429243
2021-01-02,0.00013326558693429243
2021-01-03,0.00013326558693429243
2021-01-04,0.00013326558693429243
2021-01-05,0.00013326558693429243
2021-01-06,0.00013326558693429243
2021-01-07,0.00013326558693429243
2021-01-08,0.00013326558693429243
2021-01-09,0.00013326558693429243
2021-01-10,0.00010681257853560756
2021-01-11,0.00010681257853560756
2021-01-12,0.00010681257853560756
2021-01-13,0.00010681257853560756
2021-01-14,0.00010681257853560756
2021-01-15,0.00010681257853560756
2021-01-16,0.00010681257853560756
2021-01-17,0.00010681257853560756
2021-01-18,0.00010681257853560756
2021-01-19,0.00010681257853560756
2021-01-20,0.00010681257853560756
2021-01-21,0.00018693018877656044
2021-01-22,0.00010615799946838706
2021-01-23,0.00010615799946838706
2021-01-24,0.00016885532766257904
2021-01-25,1.0221516709139655e-05
2021-01-26,0.00013430157338416426
2021-01-27,0.00012242384308616203
2021-01-28,0.00012242384308616203
2021-01-29,0.00012242384308616203
2021-01-30,0.00012242384308616203
2021-01-31,0.00012242384308616203
2021-02-01,0.00012242384308616203
2021-02-02,0.00012242384308616203
2021-02-03,0.0001469255913887114
2021-02-04,0.0001469255913887114
2021-02-05,0.0001469255913887114
2021-02-06,0.0001469255913887114
2021-02-07,0.0001469255913887114
2021-02-08,0.0001469255913887114
2021-02-09,0.0001469255913887114
2021-02-10,0.0001820398240950818
2021-02-11,6.0991965920387585e-05
2021-02-12,1.8761273554395917e-05
2021-02-13,1.8761273554395917e-05
2021-02-14,0.0001042085061480339
2021-02-15,0.0001042085061480339
2021-02-16,0.00019723945791921553
2021-02-17,0.00013599283673854836
2021-02-18,0.00015091408287477227
2021-02-19,0.00015091408287477227
2021-02-20,0.00015091408287477227
2021-02-21,6.949462057990891e-05
2021-02-22,6.949462057990891e-05
2021-02-23,6.949462057990891e-05
2021-02-24,0.00012882484436640436
2021-02-25,0.00012882484436640436
2021-02-26,0.00010588179139451371
2021-02-27,0.00019294823879416808
2021-02-28,0.00021826762370541692
2021-03-01,4.993875692866424e-05
2021-03-02,6.669064590931174e-06
2021-03-03,6.669064590931174e-06
2021-03-04,0.0001098576512754548
2021-03-05,0.0001098576512754548
2021-03-06,0.00015201404506111238
2021-03-07,0.00011324692096010606
2021-03-08,0.00011324692096010606
2021-03-09,0.00011324692096010606
2021-03-10,0.00011324692096010606
2021-03-11,0.00011324692096010606
2021-03-12,9.057991938279365e-05
2021-03-13,9.057991938279365e-05
2021-03-14,9.057991938279365e-05
2021-03-15,9.057991938279365e-05
2021-03-16,5.105386298132563e-05
2021-03-17,7.561145937623848e-05
2021-03-18,7.561145937623848e-05
2021-03-19,7.561145937623848e-05
2021-03-20,0.00010385689982080641
2021-03-21,0.00010385689982080641
2021-03-22,0.00010385689982080641
2021-03-23,0.00010385689982080641
2021-03-24,0.00010385689982080641
2021-03-25,0.00010385689982080641
2021-03-26,0.00010385689982080641
2021-03-27,0.00011617009793500157
2021-03-28,0.00011617009793500157
2021-03-29,0.00011617009793500157
2021-03-30,0.00011617009793500157
2021-03-31,0.0002099248065849613
2021-04-01,8.696148634597843e-05
2021-04-02,0.00026281071928178993
2021-04-03,1.692889661756688e-05
2021-04-04,0.00011907899005084483
2021-04-05,0.00016759083711996388
2021-04-06,0.0001377191974507519
2021-04-07,5.0220362039466525e-05
2021-04-08,0.00022802082909074105
2021-04-09,0.00022802082909074105
2021-04-10,0.00022802082909074105
2021-04-11,0.00022802082909074105
2021-04-12,0.00022802082909074105
2021-04-13,0.00012572947997579583
2021-04-14,0.00012572947997579583
2021-04-15,0.00012572947997579583
2021-04-16,0.00012572947997579583
2021-04-17,0.00012572947997579583
2021-04-18,0.00025743461489245533
2021-04-19,0.00025743461489245533
2021-04-20,7.389465232058697e-05
2021-04-21,7.389465232058697e-05
2021-04-22,1.071458091709474e-05
2021-04-23,1.071458091709474e-05
2021-04-24,0.00024133585368553594
2021-04-25,0.0001032247339513666
2021-04-26,0.0001032247339513666
2021-04-27,0.0001032247339513666
2021-04-28,0.00011554026471508684
2021-04-29,0.00011554026471508684
2021-04-30,0.00011554026471508684
2021-05-01,0.00011554026471508684
2021-05-02,0.0002161074860211194
2021-05-03,0.0002161074860211194
2021-05-04,0.0002161074860211194
2021-05-05,0.0002161074860211194
2021-05-06,1.3986912276897812e-06
2021-05-07,1.3986912276897812e-06
2021-05-08,6.818923854570413e-05
2021-05-09,6.818923854570413e-05
2021-05-10,6.818923854570413e-05
2021-05-11,6.818923854570413e-05
2021-05-12,0.00016114273076919092
2021-05-13,0.00016114273076919092
2021-05-14,0.00016114273076919092
2021-05-15,0.00016114273076919092
2021-05-16,0.00016114273076919092
2021-05-17,0.0001340646563734747
2021-05-18,0.0001340646563734747
2021-05-19,0.0002670134014020161
2021-05-20,0.0002670134014020161
2021-05-21,7.453469622980183e-06
2021-05-22,7.453469622980183e-06
2021-05-23,7.453469622980183e-06
2021-05-24,7.453469622980183e-06
2021-05-25,7.453469622980183e-06
2021-05-26,7.453469622980183e-06
2021-05-27,4.0366532277195355e-05
2021-05-28,4.0366532277195355e-05
2021-05-29,4.0366532277195355e-05
2021-05-30,4.0366532277195355e-05
2021-05-31,0.00014922678992742674
2021-06-01,0.00014678276621523506
2021-06-02,0.00014678276621523506
2021-06-03,0.00014678276621523506
2021-06-04,0.00014678276621523506
2021-06-05,0.00014678276621523506
2021-06-06,0.00016653954960448584
2021-06-07,0.00016653954960448584
2021-06-08,0.00016653954960448584
2021-06-09,0.00016653954960448584
2021-06-10,0.00016653954960448584
2021-06-11,0.00021869052438936983
2021-06-12,0.00021869052438936983
2021-06-13,0.00021869052438936983
2021-06-14,1.409621244680026e-05
2021-06-15,1.409621244680026e-05
2021-06-16,1.409621244680026e-05
2021-06-17,1.409621244680026e-05
2021-06-18,8.868142074216778e-05
2021-06-19,8.868142074216778e-05
2021-06-20,8.868142074216778e-05
2021-06-21,0.00013691273681312664
2021-06-22,0.00013691273681312664
2021-06-23,0.00013691273681312664
2021-06-24,8.49216169201307e-06
2021-06-25,8.49216169201307e-06
2021-06-26,8.49216169201307e-06
2021-06-27,2.4159278216488107e-05
2021-06-28,7.456395320699945e-05
2021-06-29,7.456395320699945e-05
2021-06-30,4.2125850318003266e-05
2021-07-01,4.2125850318003266e-05
2021-07-02,0.0001659052132802301
2021-07-03,0.0001659052132802301
2021-07-04,0.0001659052132802301
2021-07-05,0.0001659052132802301
2021-07-06,0.0001659052132802301
2021-07-07,0.0001659052132802301
2021-07-08,0.0001756359012158744
2021-07-09,0.0001756359012158744
2021-07-10,0.0001756359012158744
2021-07-11,0.0001756359012158744
2021-07-12,0.0001756359012158744
2021-07-13,0.0001756359012158744
2021-07-14,0.0001756359012158744
2021-07-15,0.0001756359012158744
2021-07-16,0.0001756359012158744
2021-07-17,6.1098524469064636e-06
2021-07-18,6.1098524469064636e-06
2021-07-19,6.1098524469064636e-06
2021-07-20,6.1098524469064636e-06
2021-07-21,6.1098524469064636e-06
2021-07-22,6.1098524469064636e-06
2021-07-23,6.1098524469064636e-06
2021-07-24,6.1098524469064636e-06
2021-07-25,0.00010290276020732523
2021-07-26,0.00010290276020732523
2021-07-27,0.00010290276020732523
2021-07-28,0.00010290276020732523
2021-07-29,2.437888853628139e-05
2021-07-30,2.437888853628139e-05
2021-07-31,6.6710241007362e-05
2021-08-01,6.6710241007362e-05
2021-08-02,0.00011113106647385155
2021-08-03,0.00011113106647385155
2021-08-04,0.00011113106647385155
2021-08-05,0.00011113106647385155
2021-08-06,0.00011113106647385155
2021-08-07,0.00011113106647385155
2021-08-08,3.1993589298893425e-05
2021-08-09,3.1993589298893425e-05
2021-08-10,3.1993589298893425e-05
2021-08-11,3.1993589298893425e-05
2021-08-12,3.1993589298893425e-05
2021-08-13,3.1993589298893425e-05
2021-08-14,0.0001259911450523314
2021-08-15,0.0001259911450523314
2021-08-16,0.0001259911450523314
2021-08-17,3.511333889729143e-05
2021-08-18,3.511333889729143e-05
2021-08-19,2.4651114747045136e-05
2021-08-20,2.4651114747045136e-05
2021-08-21,2.4651114747045136e-05
2021-08-22,3.489953156582662e-05
2021-08-23,3.489953156582662e-05
2021-08-24,3.489953156582662e-05
2021-08-25,3.489953156582662e-05
2021-08-26,3.489953156582662e-05
2021-08-27,3.489953156582662e-05
2021-08-28,3.489953156582662e-05
2021-08-29,3.489953156582662e-05
2021-08-30,3.489953156582662e-05
2021-08-31,3.489953156582662e-05
2021-09-01,3.692049190757886e-06
2021-09-02,3.692049190757886e-06
2021-09-03,3.692049190757886e-06
2021-09-04,3.692049190757886e-06
2021-09-05,3.692049190757886e-06
2021-09-06,3.692049190757886e-06
2021-09-07,3.692049190757886e-06
2021-09-08,3.692049190757886e-06
2021-09-09,0.00015682271246108572
2021-09-10,0.00015682271246108572
2021-09-11,7.427787813188622e-05
2021-09-12,7.427787813188622e-05
2021-09-13,7.427787813188622e-05
2021-09-14,6.450556138100209e-05
2021-09-15,6.450556138100209e-05
2021-09-16,4.5666490458207514e-05
2021-09-17,4.5666490458207514e-05
2021-09-18,4.5666490458207514e-05
2021-09-19,4.5666490458207514e-05
2021-09-20,4.5666490458207514e-05
2021-09-21,4.5666490458207514e-05
2021-09-22,4.27022475417008e-05
2021-09-23,4.27022475417008e-05
2021-09-24,4.27022475417008e-05
2021-09-25,4.27022475417008e-05
2021-09-26,4.27022475417008e-05
2021-09-27,4.27022475417008e-05
2021-09-28,4.27022475417008e-05
2021-09-29,4.27022475417008e-05
2021-09-30,4.27022475417008e-05
2021-10-01,4.27022475417008e-05
2021-10-02,0.00016067341362134774
2021-10-03,0.00016067341362134774
2021-10-04,0.00016067341362134774
2021-10-05,0.00016067341362134774
2021-10-06,0.00016067341362134774
2021-10-07,8.381618778558997e-06
2021-10-08,1.1158767564189478e-05
2021-10-09,1.1158767564189478e-05
2021-10-10,1.1158767564189478e-05
2021-10-11,1.1158767564189478e-05
2021-10-12,0.000182135399090962
2021-10-13,0.000182135399090962
2021-10-14,0.000182135399090962
2021-10-15,0.000182135399090962
2021-10-16,0.000182135399090962
2021-10-17,0.000182135399090962
2021-10-18,0.000182135399090962
2021-10-19,0.000182135399090962
2021-10-20,0.000182135399090962
2021-10-21,0.000182135399090962
2021-10-22,0.00013756306820472106
2021-10-23,0.00013756306820472106
2021-10-24,0.00013756306820472106
2021-10-25,0.00013756306820472106
2021-10-26,0.00013756306820472106
2021-10-27,0.00013756306820472106
2021-10-28,0.00013756306820472106
2021-10-29,0.00013756306820472106
2021-10-30,0.00013756306820472106
2021-10-31,0.00013756306820472106
2021-11-01,0.00013756306820472106
2021-11-02,0.00013756306820472106
2021-11-03,0.00013756306820472106
2021-11-04,0.00013756306820472106
2021-11-05,0.00013756306820472106
2021-11-06,0.00013756306820472106
2021-11-07,0.00013756306820472106
2021-11-08,0.00013756306820472106
2021-11-09,0.00016643561672097896
2021-11-10,0.00016643561672097896
2021-11-11,0.00016643561672097896
2021-11-12,0.00016643561672097896
2021-11-13,0.00016643561672097896
2021-11-14,0.00016643561672097896
2021-11-15,0.00016643561672097896
2021-11-16,0.00016643561672097896
2021-11-17,0.00016643561672097896
2021-11-18,0.00016643561672097896
2021-11-19,0.00016643561672097896
2021-11-20,0.00016643561672097896
2021-11-21,0.0001838957088999384
2021-11-22,0.0001838957088999384
2021-11-23,0.0001838957088999384
2021-11-24,0.0001838957088999384
2021-11-25,0.0001838957088999384
2021-11-26,0.0001838957088999384
2021-11-27,4.2641393873374475e-05
2021-11-28,4.2641393873374475e-05
2021-11-29,4.2641393873374475e-05
2021-11-30,4.2641393873374475e-05
2021-12-01,4.2641393873374475e-05
2021-12-02,4.2641393873374475e-05
2021-12-03,4.2641393873374475e-05
2021-12-04,4.2641393873374475e-05
2021-12-05,0.0001277542208318068
2021-12-06,0.0001277542208318068
2021-12-07,0.0001277542208318068
2021-12-08,5.2239620656796715e-05
2021-12-09,0.00012046761037671312
2021-12-10,4.485241902878767e-05
2021-12-11,4.485241902878767e-05
2021-12-12,4.485241902878767e-05
2021-12-13,4.485241902878767e-05
2021-12-14,4.806909959697483e-05
2021-12-15,4.806909959697483e-05
2021-12-16,4.806909959697483e-05
2021-12-17,4.806909959697483e-05
2021-12-18,4.806909959697483e-05
2021-12-19,6.302742192158857e-05
2021-12-20,6.302742192158857e-05
2021-12-21,6.302742192158857e-05
2021-12-22,0.00013684883106601314
2021-12-23,3.7797857366572504e-05
2021-12-24,6.854709364578421e-05
2021-12-25,0.00017503788345789686
2021-12-26,0.00011118904567774752
2021-12-27,8.707561503487014e-05
2021-12-28,0.00014604947419375516
2021-12-29,5.593925007572945e-05
2021-12-30,0.0001157977655242676
2021-12-31,0.0001157977655242676
2022-01-01,0.0001157977655242676
2022-01-02,0.0001157977655242676
2022-01-03,0.0001157977655242676
2022-01-04,6.382459631234894e-05
2022-01-05,6.382459631234894e-05
2022-01-06,6.382459631234894e-05
2022-01-07,6.382459631234894e-05
2022-01-08,6.382459631234894e-05
2022-01-09,6.382459631234894e-05
2022-01-10,6.382459631234894e-05
2022-01-11,6.382459631234894e-05
2022-01-12,9.700647998926193e-05
2022-01-13,9.700647998926193e-05
2022-01-14,9.700647998926193e-05
2022-01-15,9.700647998926193e-05
2022-01-16,9.700647998926193e-05
2022-01-17,9.700647998926193e-05
2022-01-18,9.700647998926193e-05
2022-01-19,9.593341892642781e-05
2022-01-20,9.593341892642781e-05
2022-01-21,9.593341892642781e-05
2022-01-22,0.00020133880475464152
2022-01-23,0.00021370580787165967
2022-01-24,0.00021370580787165967
2022-01-25,0.00025756940539643785
2022-01-26,0.00017561748051650886
2022-01-27,8.289986287403062e-05
2022-01-28,8.289986287403062e-05
2022-01-29,8.289986287403062e-05
2022-01-30,0.00011889410983510324
2022-01-31,0.00011889410983510324
2022-02-01,0.00011889410983510324
2022-02-02,3.034854991730439e-05
2022-02-03,3.034854991730439e-05
2022-02-04,4.703003261100508e-05
2022-02-05,0.0002670134014020161
2022-02-06,0.0002670134014020161
2022-02-07,0.0002670134014020161
2022-02-08,0.00023073785470265423
2022-02-09,0.00023073785470265423
2022-02-10,0.00023073785470265423
2022-02-11,0.00023073785470265423
2022-02-12,0.00023073785470265423
2022-02-13,8.899372705409407e-05
2022-02-14,8.899372705409407e-05
2022-02-15,8.899372705409407e-05
2022-02-16,2.189217788668978e-05
2022-02-17,3.836771401990716e-05
2022-02-18,3.836771401990716e-05
2022-02-19,3.836771401990716e-05
2022-02-20,9.75711753340983e-05
2022-02-21,9.75711753340983e-05
2022-02-22,0.0001917515974617478
2022-02-23,0.0001917515974617478
2022-02-24,0.0001917515974617478
2022-02-25,4.606328142270701e-05
2022-02-26,4.606328142270701e-05
2022-02-27,6.179670672577967e-05
2022-02-28,2.0587229344284576e-05
2022-03-01,2.0587229344284576e-05
2022-03-02,2.0587229344284576e-05
2022-03-03,2.0587229344284576e-05
2022-03-04,9.149948203277136e-05
2022-03-05,9.149948203277136e-05
2022-03-06,9.149948203277136e-05
2022-03-07,9.149948203277136e-05
2022-03-08,0.00023915422282457885
2022-03-09,7.428724563068309e-05
2022-03-10,3.517861110649411e-05
2022-03-11,7.601708132974207e-05
2022-03-12,7.601708132974207e-05
2022-03-13,9.86136138244832e-05
2022-03-14,0.00015415888420073539
2022-03-15,0.00018055777123519878
2022-03-16,0.00018055777123519878
2022-03-17,0.00018055777123519878
2022-03-18,4.087961876028131e-05
2022-03-19,4.087961876028131e-05
2022-03-20,8.174215025586297e-05
2022-03-21,8.174215025586297e-05
2022-03-22,8.174215025586297e-05
2022-03-23,3.232999739920291e-05
2022-03-24,3.232999739920291e-05
2022-03-25,5.082805746928608e-05
2022-03-26,6.374579192599576e-05
2022-03-27,6.374579192599576e-05
2022-03-28,9.473359802533908e-06
2022-03-29,9.473359802533908e-06
2022-03-30,0.00017871478737592597
2022-03-31,0.00017871478737592597
2022-04-01,0.00017871478737592597
2022-04-02,0.00017871478737592597
2022-04-03,8.276620360579048e-05
2022-04-04,8.276620360579048e-05
2022-04-05,8.276620360579048e-05
2022-04-06,8.276620360579048e-05
2022-04-07,8.276620360579048e-05
2022-04-08,8.276620360579048e-05
2022-04-09,8.276620360579048e-05
2022-04-10,8.276620360579048e-05
2022-04-11,8.276620360579048e-05
2022-04-12,8.276620360579048e-05
2022-04-13,0.00024125468853162014
2022-04-14,0.00024125468853162014
2022-04-15,0.00024125468853162014
2022-04-16,0.00024125468853162014
2022-04-17,0.00024125468853162014
2022-04-18,0.00024125468853162014
2022-04-19,0.00024125468853162014
2022-04-20,0.00024125468853162014
2022-04-21,0.00024125468853162014
2022-04-22,0.00024125468853162014
2022-04-23,0.00024125468853162014
2022-04-24,9.885818983883048e-05
2022-04-25,9.885818983883048e-05
2022-04-26,9.885818983883048e-05
2022-04-27,1.2590463897989551e-05
2022-04-28,1.2590463897989551e-05
2022-04-29,1.519686820808881e-05
2022-04-30,1.519686820808881e-05
2022-05-01,1.519686820808881e-05
2022-05-02,0.00025034170046500545
2022-05-03,0.00025034170046500545
2022-05-04,0.00025034170046500545
2022-05-05,4.3964599906751345e-05
2022-05-06,4.3964599906751345e-05
2022-05-07,0.00014446920097918811
2022-05-08,0.00014446920097918811
2022-05-09,0.00014994766425758727
2022-05-10,8.292099087156115e-05
2022-05-11,8.292099087156115e-05
2022-05-12,5.575603834023155e-05
2022-05-13,5.575603834023155e-05
2022-05-14,5.575603834023155e-05
2022-05-15,5.575603834023155e-05
2022-05-16,5.575603834023155e-05
2022-05-17,1.2921461389845033e-05
2022-05-18,1.2921461389845033e-05
2022-05-19,1.2921461389845033e-05
2022-05-20,1.2921461389845033e-05
2022-05-21,1.2921461389845033e-05
2022-05-22,3.7228685103745683e-05
2022-05-23,3.7228685103745683e-05
2022-05-24,3.7228685103745683e-05
2022-05-25,0.00010586044583482786
2022-05-26,0.00010586044583482786
2022-05-27,0.00010586044583482786
2022-05-28,1.745153469660295e-05
2022-05-29,1.745153469660295e-05
2022-05-30,1.745153469660295e-05
2022-05-31,1.745153469660295e-05
2022-06-01,0.00011783659797902991
2022-06-02,0.00011783659797902991
2022-06-03,0.00011783659797902991
2022-06-04,0.00011783659797902991
2022-06-05,1.6691337080007278e-05
2022-06-06,1.6691337080007278e-05
2022-06-07,1.6691337080007278e-05
2022-06-08,1.6691337080007278e-05
2022-06-09,5.1724889270890576e-05
2022-06-10,5.1724889270890576e-05
2022-06-11,5.1724889270890576e-05
2022-06-12,0.00012709824610827218
2022-06-13,6.212188842521035e-06
2022-06-14,0.00018874678198111002
2022-06-15,0.00018874678198111002
2022-06-16,0.00018874678198111002
2022-06-17,7.258368100533054e-05
2022-06-18,7.258368100533054e-05
2022-06-19,7.258368100533054e-05
2022-06-20,7.258368100533054e-05
2022-06-21,0.00012835430190293458
2022-06-22,0.00012835430190293458
2022-06-23,0.00012835430190293458
2022-06-24,0.00012835430190293458
2022-06-25,7.99317873770764e-05
2022-06-26,7.99317873770764e-05
2022-06-27,7.99317873770764e-05
2022-06-28,7.2669880131504e-05
2022-06-29,0.00010676240669081277
2022-06-30,0.00010676240669081277
2022-07-01,0.00010676240669081277
2022-07-02,0.00010676240669081277
2022-07-03,0.00010676240669081277
2022-07-04,0.00010676240669081277
2022-07-05,0.00010676240669081277
2022-07-06,0.00010676240669081277
2022-07-07,2.683814639061548e-06
2022-07-08,2.683814639061548e-06
2022-07-09,2.683814639061548e-06
2022-07-10,2.683814639061548e-06
2022-07-11,2.683814639061548e-06
2022-07-12,2.683814639061548e-06
2022-07-13,2.683814639061548e-06
2022-07-14,2.683814639061548e-06
2022-07-15,2.683814639061548e-06
2022-07-16,0.00012474035717522096
2022-07-17,0.00012474035717522096
2022-07-18,0.00012474035717522096
2022-07-19,4.417425824336182e-05
2022-07-20,4.417425824336182e-05
2022-07-21,4.417425824336182e-05
2022-07-22,4.417425824336182e-05
2022-07-23,0.00011823335022148009
2022-07-24,0.00011823335022148009
2022-07-25,0.00011823335022148009
2022-07-26,8.16849287424404e-05
2022-07-27,8.16849287424404e-05
2022-07-28,0.00022030492561513998
2022-07-29,0.00022030492561513998
2022-07-30,0.00022030492561513998
2022-07-31,0.00022030492561513998
2022-08-01,0.00022030492561513998
2022-08-02,0.00022030492561513998
2022-08-03,0.00022030492561513998
2022-08-04,4.558054726912841e-05
2022-08-05,4.558054726912841e-05
2022-08-06,4.558054726912841e-05
2022-08-07,4.558054726912841e-05
2022-08-08,4.558054726912841e-05
2022-08-09,4.558054726912841e-05
2022-08-10,3.9732175010272264e-05
2022-08-11,2.9245615609722014e-05
2022-08-12,2.9245615609722014e-05
2022-08-13,2.9245615609722014e-05
2022-08-14,2.9245615609722014e-05
2022-08-15,9.623270204312524e-05
2022-08-16,9.623270204312524e-05
2022-08-17,9.623270204312524e-05
2022-08-18,9.623270204312524e-05
2022-08-19,1.718720564421172e-05
2022-08-20,1.718720564421172e-05
2022-08-21,1.718720564421172e-05
2022-08-22,1.718720564421172e-05
2022-08-23,1.718720564421172e-05
2022-08-24,1.718720564421172e-05
2022-08-25,1.718720564421172e-05
2022-08-26,1.718720564421172e-05
2022-08-27,1.718720564421172e-05
2022-08-28,1.718720564421172e-05
2022-08-29,1.718720564421172e-05
2022-08-30,1.718720564421172e-05
2022-08-31,0.00012549145276178494
2022-09-01,0.00012549145276178494
2022-09-02,0.00012549145276178494
2022-09-03,0.00012549145276178494
2022-09-04,0.00012549145276178494
2022-09-05,0.00012549145276178494
2022-09-06,0.00012549145276178494
2022-09-07,0.00012549145276178494
2022-09-08,0.00012549145276178494
2022-09-09,0.00012549145276178494
2022-09-10,0.00012549145276178494
2022-09-11,0.00012549145276178494
2022-09-12,0.0001616614434265892
2022-09-13,0.0001616614434265892
2022-09-14,0.0001616614434265892
2022-09-15,0.00011512343523283815
2022-09-16,0.00011512343523283815
2022-09-17,0.00011928882747751987
2022-09-18,0.0001835820291407395
2022-09-19,0.0001835820291407395
2022-09-20,5.858674842565631e-05
2022-09-21,0.00012858631672611976
2022-09-22,6.425061752580103e-07
2022-09-23,7.024173398645226e-05
2022-09-24,7.024173398645226e-05
2022-09-25,7.024173398645226e-05
2022-09-26,0.0002564065213609418
2022-09-27,0.0002564065213609418
2022-09-28,0.0002564065213609418
2022-09-29,0.0002564065213609418
2022-09-30,0.0002564065213609418
2022-10-01,0.0002564065213609418
2022-10-02,0.0002564065213609418
2022-10-03,0.0002564065213609418
2022-10-04,0.0002564065213609418
2022-10-05,0.0002564065213609418
2022-10-06,0.0002564065213609418
2022-10-07,0.0002564065213609418
2022-10-08,0.0002564065213609418
2022-10-09,0.0002564065213609418
2022-10-10,0.0002564065213609418
2022-10-11,1.7406645847750937e-05
2022-10-12,1.7406645847750937e-05
2022-10-13,1.7406645847750937e-05
2022-10-14,1.7406645847750937e-05
2022-10-15,1.7406645847750937e-05
2022-10-16,1.7406645847750937e-05
2022-10-17,1.7406645847750937e-05
2022-10-18,1.7406645847750937e-05
2022-10-19,1.7406645847750937e-05
2022-10-20,1.7406645847750937e-05
2022-10-21,1.7406645847750937e-05
2022-10-22,1.7406645847750937e-05
2022-10-23,1.7406645847750937e-05
2022-10-24,1.7406645847750937e-05
2022-10-25,0.00011984425987205465
2022-10-26,0.00011984425987205465
2022-10-27,8.238268546685174e-05
2022-10-28,8.238268546685174e-05
2022-10-29,0.00011895785362029644
2022-10-30,0.00011895785362029644
2022-10-31,0.00011895785362029644
2022-11-01,0.00011895785362029644
2022-11-02,0.00011895785362029644
2022-11-03,5.1145666978307266e-05
2022-11-04,5.1145666978307266e-05
2022-11-05,5.1145666978307266e-05
2022-11-06,5.1145666978307266e-05
2022-11-07,5.1145666978307266e-05
2022-11-08,5.1145666978307266e-05
2022-11-09,5.1145666978307266e-05
2022-11-10,5.1145666978307266e-05
2022-11-11,5.1145666978307266e-05
2022-11-12,0.00010239220648971643
2022-11-13,0.00010239220648971643
2022-11-14,0.00010239220648971643
2022-11-15,0.00010239220648971643
2022-11-16,0.00010239220648971643
2022-11-17,0.00010239220648971643
2022-11-18,0.00016976140201180128
2022-11-19,0.00016976140201180128
2022-11-20,0.0001557509200254798
2022-11-21,9.275308051321392e-05
2022-11-22,1.1748669859532387e-05
2022-11-23,9.189036348680027e-06
2022-11-24,9.189036348680027e-06
2022-11-25,2.071554628069251e-05
2022-11-26,2.071554628069251e-05
2022-11-27,2.071554628069251e-05
2022-11-28,1.92524272191245e-05
2022-11-29,1.92524272191245e-05
2022-11-30,0.0001864792903401494
2022-12-01,0.0001864792903401494
2022-12-02,0.0001864792903401494
2022-12-03,4.36330277496733e-07
2022-12-04,4.36330277496733e-07
2022-12-05,4.36330277496733e-07
2022-12-06,4.36330277496733e-07
2022-12-07,4.36330277496733e-07
2022-12-08,4.36330277496733e-07
2022-12-09,0.00012202967821737818
2022-12-10,0.00012202967821737818
2022-12-11,0.00012202967821737818
2022-12-12,0.00012202967821737818
2022-12-13,0.00012202967821737818
2022-12-14,0.00012202967821737818
2022-12-15,0.00012202967821737818
2022-12-16,0.00012202967821737818
2022-12-17,0.00012202967821737818
2022-12-18,2.0694102297580487e-05
2022-12-19,2.0694102297580487e-05
2022-12-20,2.0694102297580487e-05
2022-12-21,2.0694102297580487e-05
2022-12-22,2.0694102297580487e-05
2022-12-23,2.0694102297580487e-05
2022-12-24,2.0694102297580487e-05
2022-12-25,2.0694102297580487e-05
2022-12-26,0.00010877132439853465
2022-12-27,0.00010877132439853465
2022-12-28,0.00010877132439853465
2022-12-29,8.229080866102485e-05
2022-12-30,2.7926652034705285e-05
2022-12-31,2.7926652034705285e-05
2023-01-01,0.00012052824199266923
2023-01-02,6.25156020353037e-05
2023-01-03,6.25156020353037e-05
2023-01-04,5.438356233650533e-05
2023-01-05,5.438356233650533e-05
2023-01-06,5.438356233650533e-05
2023-01-07,5.438356233650533e-05
2023-01-08,7.929815294605236e-05
2023-01-09,7.929815294605236e-05
2023-01-10,4.990452893100044e-05
2023-01-11,0.00011804826677501793
2023-01-12,2.4432591727930068e-05
2023-01-13,0.00014667738543967706
2023-01-14,0.00014667738543967706
2023-01-15,0.00014667738543967706
2023-01-16,0.00014286042085428743
2023-01-17,0.00014286042085428743
2023-01-18,0.00014286042085428743
2023-01-19,0.00014286042085428743
2023-01-20,0.00020756474943445902
2023-01-21,0.00020756474943445902
2023-01-22,0.00020756474943445902
2023-01-23,0.00020756474943445902
2023-01-24,0.00020756474943445902
2023-01-25,0.00023396280271886246
2023-01-26,0.00023396280271886246
2023-01-27,0.00023396280271886246
2023-01-28,0.00023396280271886246
2023-01-29,0.0002670134014020161
2023-01-30,0.0002670134014020161
2023-01-31,0.0002670134014020161
2023-02-01,0.0002670134014020161
2023-02-02,0.0002670134014020161
2023-02-03,0.0002670134014020161
2023-02-04,9.00140755913648e-05
2023-02-05,9.00140755913648e-05
2023-02-06,9.00140755913648e-05
2023-02-07,9.00140755913648e-05
2023-02-08,9.00140755913648e-05
2023-02-09,0.00013128027950522387
2023-02-10,0.00013128027950522387
2023-02-11,0.00011733226246846059
2023-02-12,0.00011733226246846059
2023-02-13,4.929084967180694e-05
2023-02-14,0.00015506002549090815
2023-02-15,0.0001174868853575575
2023-02-16,8.970042732308677e-05
2023-02-17,9.823157884428349e-05
2023-02-18,0.00016019608523989675
2023-02-19,0.00016019608523989675
2023-02-20,0.00016019608523989675
2023-02-21,9.151795084325964e-05
2023-02-22,9.151795084325964e-05
2023-02-23,9.151795084325964e-05
2023-02-24,2.037989915120034e-05
2023-02-25,0.00011178714346443293
2023-02-26,0.00011020427990016352
2023-02-27,0.00011020427990016352
2023-02-28,0.00011020427990016352
2023-03-01,0.00011020427990016352
2023-03-02,0.00011020427990016352
2023-03-03,3.9183760344989445e-05
2023-03-04,3.9183760344989445e-05
2023-03-05,3.9183760344989445e-05
2023-03-06,3.9183760344989445e-05
2023-03-07,0.00011656251029638325
2023-03-08,5.482346420392371e-05
2023-03-09,2.6221563938157414e-05
2023-03-10,2.6221563938157414e-05
2023-03-11,2.6221563938157414e-05
2023-03-12,8.002027190416942e-05
2023-03-13,8.002027190416942e-05
2023-03-14,8.002027190416942e-05
2023-03-15,8.002027190416942e-05
2023-03-16,7.259952800323597e-05
2023-03-17,7.259952800323597e-05
2023-03-18,9.671458566928647e-05
2023-03-19,9.671458566928647e-05
2023-03-20,9.671458566928647e-05
2023-03-21,0.00017911965902757605
2023-03-22,0.00017911965902757605
2023-03-23,0.00011492713685181609
2023-03-24,0.00011492713685181609
2023-03-25,0.00011492713685181609
2023-03-26,0.0001262844385080003
2023-03-27,0.0001262844385080003
2023-03-28,0.00018538471080862894
2023-03-29,0.0001526669572560343
2023-03-30,0.0001526669572560343
2023-03-31,1.5774250268855205e-05
2023-04-01,1.5774250268855205e-05
2023-04-02,7.191190675655544e-05
2023-04-03,7.191190675655544e-05
2023-04-04,7.191190675655544e-05
2023-04-05,0.00010180851017571588
2023-04-06,0.00010180851017571588
2023-04-07,5.1480111184296255e-05
2023-04-08,5.1480111184296255e-05
2023-04-09,4.2504283531507705e-05
2023-04-10,3.5249961950783075e-05
2023-04-11,7.573974978969717e-05
2023-04-12,0.0001348430970754964
2023-04-13,0.00013108486192378748
2023-04-14,0.00016805501042161923
2023-04-15,0.00016805501042161923
2023-04-16,5.2464554459597895e-05
2023-04-17,5.2464554459597895e-05
2023-04-18,5.6520401395373903e-05
2023-04-19,8.51418169993942e-05
2023-04-20,8.51418169993942e-05
2023-04-21,8.51418169993942e-05
2023-04-22,0.0001135722777556178
2023-04-23,0.0001135722777556178
2023-04-24,0.0001135722777556178
2023-04-25,0.0001135722777556178
2023-04-26,0.00016214472014439914
2023-04-27,0.00016214472014439914
2023-04-28,0.00016214472014439914
2023-04-29,0.00016214472014439914
2023-04-30,0.00016214472014439914
2023-05-01,0.00012047888062712387
2023-05-02,0.00012047888062712387
2023-05-03,0.00012047888062712387
2023-05-04,0.00012047888062712387
2023-05-05,0.00012047888062712387
2023-05-06,0.00012047888062712387
2023-05-07,0.00012047888062712387
2023-05-08,0.00012826028336490668
2023-05-09,0.00012826028336490668
2023-05-10,0.00012826028336490668
2023-05-11,0.00012826028336490668
2023-05-12,0.00012826028336490668
2023-05-13,5.306613230090174e-05
2023-05-14,9.005913490203262e-05
2023-05-15,0.00017608067387932022
2023-05-16,6.6541170414871e-05
2023-05-17,6.6541170414871e-05
2023-05-18,6.6541170414871e-05
2023-05-19,0.0001223343026438204
2023-05-20,0.0001223343026438204
2023-05-21,0.0001223343026438204
2023-05-22,0.0001223343026438204
2023-05-23,4.964501171995612e-05
2023-05-24,4.964501171995612e-05
2023-05-25,4.964501171995612e-05
2023-05-26,0.00011713074456970434
2023-05-27,6.895541451950392e-05
2023-05-28,2.6036912334896828e-05
2023-05-29,2.6036912334896828e-05
2023-05-30,2.6036912334896828e-05
2023-05-31,2.6036912334896828e-05
2023-06-01,0.00011590307477608705
2023-06-02,0.00011590307477608705
2023-06-03,0.00011590307477608705
2023-06-04,0.00011590307477608705
2023-06-05,0.0002670134014020161
2023-06-06,0.0002223446238900675
2023-06-07,0.0002223446238900675
2023-06-08,6.987686114586013e-05
2023-06-09,6.987686114586013e-05
2023-06-10,0.00019180247763737394
2023-06-11,0.0002670134014020161
2023-06-12,0.0002670134014020161
2023-06-13,0.0002670134014020161
2023-06-14,2.6929813425817523e-05
2023-06-15,2.6929813425817523e-05
2023-06-16,0.00018479926541302368
2023-06-17,4.550674677587702e-05
2023-06-18,4.550674677587702e-05
2023-06-19,6.929198995648618e-05
2023-06-20,6.929198995648618e-05
2023-06-21,6.929198995648618e-05
2023-06-22,5.518579081966943e-05
2023-06-23,5.518579081966943e-05
2023-06-24,4.4117563674902135e-05
2023-06-25,4.4117563674902135e-05
2023-06-26,8.486643787169157e-05
2023-06-27,8.486643787169157e-05
2023-06-28,8.486643787169157e-05
2023-06-29,8.486643787169157e-05
2023-06-30,9.214647368811738e-06
2023-07-01,9.214647368811738e-06
2023-07-02,9.214647368811738e-06
2023-07-03,0.00022409126410052646
2023-07-04,0.00022409126410052646
2023-07-05,0.00022409126410052646
2023-07-06,0.00013636064430905614
2023-07-07,0.00013636064430905614
2023-07-08,0.00013636064430905614
2023-07-09,0.00013636064430905614
2023-07-10,0.00013636064430905614
2023-07-11,6.093342421850314e-05
2023-07-12,6.093342421850314e-05
2023-07-13,6.093342421850314e-05
2023-07-14,6.093342421850314e-05
2023-07-15,7.672731898865545e-05
2023-07-16,7.672731898865545e-05
2023-07-17,7.672731898865545e-05
2023-07-18,0.00022691839438395824
2023-07-19,0.00022691839438395824
2023-07-20,0.00022691839438395824
2023-07-21,4.179353319018089e-05
2023-07-22,5.4990799197318066e-05
2023-07-23,5.4990799197318066e-05
2023-07-24,5.4990799197318066e-05
2023-07-25,5.4990799197318066e-05
2023-07-26,6.810875720055323e-05
2023-07-27,6.810875720055323e-05
2023-07-28,6.810875720055323e-05
2023-07-29,0.00018807996540932522
2023-07-30,0.00016561608148448948
2023-07-31,0.00016561608148448948
2023-08-01,0.00022360393686819685
2023-08-02,0.00022360393686819685
2023-08-03,0.00010063304881916316
2023-08-04,0.00010063304881916316
2023-08-05,0.00010063304881916316
2023-08-06,0.0001374933267521537
2023-08-07,0.0001374933267521537
2023-08-08,0.0001374933267521537
2023-08-09,0.0001788975389710965
2023-08-10,0.000101195782728929
2023-08-11,0.000101195782728929
2023-08-12,0.000101195782728929
2023-08-13,5.308558771961364e-05
2023-08-14,5.308558771961364e-05
2023-08-15,5.308558771961364e-05
2023-08-16,5.5995209692853733e-05
2023-08-17,5.5995209692853733e-05
2023-08-18,5.5995209692853733e-05
2023-08-19,0.00013650895491594783
2023-08-20,1.9078127570545113e-05
2023-08-21,1.9078127570545113e-05
2023-08-22,0.00010701190908850972
2023-08-23,0.00010701190908850972
2023-08-24,0.00010411951175312467
2023-08-25,4.311440032273696e-05
2023-08-26,0.00017196427717352684
2023-08-27,6.45475873896711e-05
2023-08-28,4.3063955522943705e-05
2023-08-29,4.3063955522943705e-05
2023-08-30,4.3063955522943705e-05
2023-08-31,4.3063955522943705e-05
2023-09-01,4.3063955522943705e-05
2023-09-02,4.3063955522943705e-05
2023-09-03,4.3063955522943705e-05
2023-09-04,1.0855083746879313e-05
2023-09-05,1.0855083746879313e-05
2023-09-06,1.0855083746879313e-05
2023-09-07,1.0855083746879313e-05
2023-09-08,1.0855083746879313e-05
2023-09-09,1.0855083746879313e-05
2023-09-10,3.096950316270839e-05
2023-09-11,3.096950316270839e-05
2023-09-12,3.096950316270839e-05
2023-09-13,3.096950316270839e-05
2023-09-14,3.096950316270839e-05
2023-09-15,3.096950316270839e-05
2023-09-16,0.00012164780007169112
2023-09-17,0.00012164780007169112
2023-09-18,0.00012164780007169112
2023-09-19,0.00012164780007169112
2023-09-20,0.00012164780007169112
2023-09-21,0.00012164780007169112
2023-09-22,0.00012164780007169112
2023-09-23,0.00012164780007169112
2023-09-24,0.00023153112707192567
2023-09-25,0.00023153112707192567
2023-09-26,0.00023153112707192567
2023-09-27,0.00023153112707192567
2023-09-28,0.00023153112707192567
2023-09-29,0.00023153112707192567
2023-09-30,0.00023153112707192567
2023-10-01,0.00023153112707192567
2023-10-02,0.00023153112707192567
2023-10-03,0.00023153112707192567
2023-10-04,0.00023153112707192567
2023-10-05,0.00023153112707192567
2023-10-06,0.00023153112707192567
2023-10-07,0.00023153112707192567
2023-10-08,0.00023153112707192567
2023-10-09,0.00023153112707192567
2023-10-10,0.00023153112707192567
2023-10-11,0.00023153112707192567
2023-10-12,6.492240150300292e-05
2023-10-13,6.492240150300292e-05
2023-10-14,6.492240150300292e-05
2023-10-15,6.492240150300292e-05
2023-10-16,6.492240150300292e-05
2023-10-17,6.492240150300292e-05
2023-10-18,6.492240150300292e-05
2023-10-19,6.492240150300292e-05
2023-10-20,6.492240150300292e-05
2023-10-21,6.492240150300292e-05
2023-10-22,6.492240150300292e-05
2023-10-23,6.492240150300292e-05
2023-10-24,6.492240150300292e-05
2023-10-25,6.492240150300292e-05
2023-10-26,6.492240150300292e-05
2023-10-27,6.492240150300292e-05
2023-10-28,8.887892849670784e-05
2023-10-29,8.887892849670784e-05
2023-10-30,7.550696322414387e-05
2023-10-31,7.550696322414387e-05
2023-11-01,7.550696322414387e-05
2023-11-02,7.550696322414387e-05
2023-11-03,7.550696322414387e-05
2023-11-04,2.2502395835109525e-05
2023-11-05,2.2502395835109525e-05
2023-11-06,2.2502395835109525e-05
2023-11-07,0.00011891938463290932
2023-11-08,8.279063772929044e-05
2023-11-09,8.279063772929044e-05
2023-11-10,4.0867040985786176e-05
2023-11-11,4.0867040985786176e-05
2023-11-12,4.0867040985786176e-05
2023-11-13,4.0867040985786176e-05
2023-11-14,4.0867040985786176e-05
2023-11-15,4.0867040985786176e-05
2023-11-16,4.0867040985786176e-05
2023-11-17,4.0867040985786176e-05
2023-11-18,3.632977184366304e-05
2023-11-19,3.632977184366304e-05
2023-11-20,3.632977184366304e-05
2023-11-21,3.632977184366304e-05
2023-11-22,3.632977184366304e-05
2023-11-23,3.632977184366304e-05
2023-11-24,3.632977184366304e-05
2023-11-25,3.632977184366304e-05
2023-11-26,3.632977184366304e-05
2023-11-27,3.632977184366304e-05
2023-11-28,3.632977184366304e-05
2023-11-29,3.632977184366304e-05
2023-11-30,3.632977184366304e-05
2023-12-01,3.632977184366304e-05
2023-12-02,3.632977184366304e-05
2023-12-03,3.632977184366304e-05
2023-12-04,0.00010786103812467852
2023-12-05,0.00010786103812467852
2023-12-06,0.00010786103812467852
2023-12-07,0.00010786103812467852
2023-12-08,0.00010786103812467852
2023-12-09,0.00010786103812467852
2023-12-10,0.00010786103812467852
2023-12-11,0.00010786103812467852
2023-12-12,0.00010786103812467852
2023-12-13,0.00010786103812467852
2023-12-14,0.00010786103812467852
2023-12-15,0.00010786103812467852
2023-12-16,5.9303992688542474e-06
2023-12-17,5.9303992688542474e-06
2023-12-18,5.9303992688542474e-06
2023-12-19,5.9303992688542474e-06
2023-12-20,5.9303992688542474e-06
2023-12-21,0.00023698821179189336
2023-12-22,0.00023698821179189336
2023-12-23,0.00023698821179189336
2023-12-24,0.00023698821179189336
2023-12-25,0.00023698821179189336
2023-12-26,0.00023698821179189336
2023-12-27,0.00023698821179189336
2023-12-28,0.00023698821179189336
2023-12-29,0.00023698821179189336
2023-12-30,0.00023698821179189336
2023-12-31,0.00023698821179189336
