hcho_reading,current_date,next_date
0.00019698343957810148,2019-01-01,2019-01-02
0.00026255221719685945,2019-01-02,2019-01-03
9.852118897938794e-05,2019-01-03,2019-01-04
0.0002099320518114242,2019-01-04,2019-01-05
0.00017853372988929305,2019-01-05,2019-01-06
0.00010822967002356709,2019-01-06,2019-01-07
0.00039268292804773094,2019-01-07,2019-01-08
9.153156350685351e-05,2019-01-08,2019-01-09
0.00012059789928530154,2019-01-09,2019-01-10
0.00012977235629832586,2019-01-10,2019-01-11
0.00022391881668012785,2019-01-11,2019-01-12
0.00015694180941787597,2019-01-12,2019-01-13
,2019-01-13,2019-01-14
0.00013362919068626037,2019-01-14,2019-01-15
6.374417842690063e-05,2019-01-15,2019-01-16
0.00011810622508150202,2019-01-16,2019-01-17
0.00024725552224230375,2019-01-17,2019-01-18
3.667525352047757e-05,2019-01-18,2019-01-19
0.0004057500868150313,2019-01-19,2019-01-20
0.00016878562164797227,2019-01-20,2019-01-21
0.00038815493287396724,2019-01-21,2019-01-22
0.0003282922940445869,2019-01-22,2019-01-23
0.00021477981446919994,2019-01-23,2019-01-24
0.0002347245196410463,2019-01-24,2019-01-25
0.0002820915300341781,2019-01-25,2019-01-26
0.00025072634930884313,2019-01-26,2019-01-27
0.00019732884353144639,2019-01-27,2019-01-28
0.0002555121674807678,2019-01-28,2019-01-29
,2019-01-29,2019-01-30
0.00017136357360104896,2019-01-30,2019-01-31
0.00015238021190236035,2019-01-31,2019-02-01
0.0003537610010169976,2019-02-01,2019-02-02
0.00027557289956433526,2019-02-02,2019-02-03
0.000231884649807831,2019-02-03,2019-02-04
,2019-02-04,2019-02-05
0.0003618487680796534,2019-02-05,2019-02-06
0.00034306636315394306,2019-02-06,2019-02-07
0.0002123314538243048,2019-02-07,2019-02-08
0.0001679798012516793,2019-02-08,2019-02-09
0.000381605036888715,2019-02-09,2019-02-10
0.00026508191712748373,2019-02-10,2019-02-11
0.0001981789630254356,2019-02-11,2019-02-12
5.8587178500602015e-05,2019-02-12,2019-02-13
0.00025428059514763155,2019-02-13,2019-02-14
,2019-02-14,2019-02-15
0.0002239912172577585,2019-02-15,2019-02-16
0.00020914931598496443,2019-02-16,2019-02-17
0.0001262731392288914,2019-02-17,2019-02-18
0.00022551463184464676,2019-02-18,2019-02-19
0.00031807866985063325,2019-02-19,2019-02-20
0.0002720768387394868,2019-02-20,2019-02-21
0.0002230429464187653,2019-02-21,2019-02-22
0.0003148949841717713,2019-02-22,2019-02-23
0.0003274182238715349,2019-02-23,2019-02-24
0.00023629898517163697,2019-02-24,2019-02-25
0.00024246754293039564,2019-02-25,2019-02-26
0.00015645974892604218,2019-02-26,2019-02-27
0.00015420168428773197,2019-02-27,2019-02-28
0.00022700677098335732,2019-02-28,2019-03-01
,2019-03-01,2019-03-02
,2019-03-02,2019-03-03
0.00029341402764377007,2019-03-03,2019-03-04
0.00022223214977413986,2019-03-04,2019-03-05
0.00042598846930257366,2019-03-05,2019-03-06
0.00013585195849200602,2019-03-06,2019-03-07
0.00020238073036288453,2019-03-07,2019-03-08
0.00016442381643673925,2019-03-08,2019-03-09
,2019-03-09,2019-03-10
0.0002969609827467505,2019-03-10,2019-03-11
0.00024013090505699768,2019-03-11,2019-03-12
0.0002577451751777237,2019-03-12,2019-03-13
0.0002548286008604607,2019-03-13,2019-03-14
0.0003018449398759976,2019-03-14,2019-03-15
0.00017905427550157188,2019-03-15,2019-03-16
0.0003507194301071738,2019-03-16,2019-03-17
0.0002494769497451432,2019-03-17,2019-03-18
,2019-03-18,2019-03-19
0.00020745903350836688,2019-03-19,2019-03-20
0.0002559950022304003,2019-03-20,2019-03-21
,2019-03-21,2019-03-22
0.0002689655073385781,2019-03-22,2019-03-23
0.00014400555083803182,2019-03-23,2019-03-24
0.00022044583732254788,2019-03-24,2019-03-25
0.0003577663287879659,2019-03-25,2019-03-26
0.0002631266925609883,2019-03-26,2019-03-27
0.0003646052956171703,2019-03-27,2019-03-28
0.00039064522780917377,2019-03-28,2019-03-29
0.0002540006405394258,2019-03-29,2019-03-30
0.00022021868954248615,2019-03-30,2019-03-31
0.00011557746067544699,2019-03-31,2019-04-01
0.00012349321748669244,2019-04-01,2019-04-02
0.0002688230247372582,2019-04-02,2019-04-03
,2019-04-03,2019-04-04
0.00024014170630941398,2019-04-04,2019-04-05
0.00016940115779261132,2019-04-05,2019-04-06
0.00010304050274417024,2019-04-06,2019-04-07
0.0001799434891600914,2019-04-07,2019-04-08
0.0001938136388473303,2019-04-08,2019-04-09
0.0002005766244694444,2019-04-09,2019-04-10
0.00020450661303659292,2019-04-10,2019-04-11
0.0002787301089676465,2019-04-11,2019-04-12
0.0002500758492520154,2019-04-12,2019-04-13
0.000334870158729018,2019-04-13,2019-04-14
,2019-04-14,2019-04-15
,2019-04-15,2019-04-16
,2019-04-16,2019-04-17
,2019-04-17,2019-04-18
0.00019278190631266765,2019-04-18,2019-04-19
,2019-04-19,2019-04-20
0.0001442130580330848,2019-04-20,2019-04-21
0.00014541672849998114,2019-04-21,2019-04-22
0.00017112056955932386,2019-04-22,2019-04-23
0.00029322444064301727,2019-04-23,2019-04-24
0.00013993829563996405,2019-04-24,2019-04-25
9.581443666026757e-05,2019-04-25,2019-04-26
,2019-04-26,2019-04-27
,2019-04-27,2019-04-28
,2019-04-28,2019-04-29
,2019-04-29,2019-04-30
,2019-04-30,2019-05-01
9.747576626042275e-05,2019-05-01,2019-05-02
,2019-05-02,2019-05-03
,2019-05-03,2019-05-04
0.00010087245522254383,2019-05-04,2019-05-05
,2019-05-05,2019-05-06
3.904429319723554e-05,2019-05-06,2019-05-07
0.00011748760394396071,2019-05-07,2019-05-08
0.0001013037943240832,2019-05-08,2019-05-09
9.939428098153852e-05,2019-05-09,2019-05-10
0.00012536415827108134,2019-05-10,2019-05-11
0.0001274753051841466,2019-05-11,2019-05-12
8.802823548435995e-05,2019-05-12,2019-05-13
2.4982204901168622e-05,2019-05-13,2019-05-14
0.00018104380224156247,2019-05-14,2019-05-15
0.00013942917244611674,2019-05-15,2019-05-16
0.00011713672290272948,2019-05-16,2019-05-17
0.0001095084478863608,2019-05-17,2019-05-18
9.525618991159471e-05,2019-05-18,2019-05-19
8.700221402162398e-05,2019-05-19,2019-05-20
0.0003986268368399866,2019-05-20,2019-05-21
,2019-05-21,2019-05-22
,2019-05-22,2019-05-23
0.00021712476841732458,2019-05-23,2019-05-24
,2019-05-24,2019-05-25
0.00018978350675731903,2019-05-25,2019-05-26
0.00011078022387005001,2019-05-26,2019-05-27
0.00013688992504868347,2019-05-27,2019-05-28
0.00016599673795501176,2019-05-28,2019-05-29
-2.056808215846379e-05,2019-05-29,2019-05-30
0.00021793239461453438,2019-05-30,2019-05-31
9.379307690791867e-05,2019-05-31,2019-06-01
7.067572073902713e-05,2019-06-01,2019-06-02
0.0001658041001064703,2019-06-02,2019-06-03
0.0001609821398171031,2019-06-03,2019-06-04
8.42250633206326e-05,2019-06-04,2019-06-05
,2019-06-05,2019-06-06
,2019-06-06,2019-06-07
,2019-06-07,2019-06-08
0.00012217992950528563,2019-06-08,2019-06-09
0.000184304139111191,2019-06-09,2019-06-10
,2019-06-10,2019-06-11
8.17687223806277e-05,2019-06-11,2019-06-12
0.00018806142907124013,2019-06-12,2019-06-13
2.3285886143280304e-05,2019-06-13,2019-06-14
8.209911205126233e-05,2019-06-14,2019-06-15
0.00016365620899872765,2019-06-15,2019-06-16
,2019-06-16,2019-06-17
0.00015344559889285574,2019-06-17,2019-06-18
0.00015833081357305082,2019-06-18,2019-06-19
0.00014507583946095476,2019-06-19,2019-06-20
,2019-06-20,2019-06-21
,2019-06-21,2019-06-22
0.00014034976273987233,2019-06-22,2019-06-23
1.9792269443138506e-05,2019-06-23,2019-06-24
0.00028857390861958265,2019-06-24,2019-06-25
0.00016989584102356363,2019-06-25,2019-06-26
-1.718882776913233e-05,2019-06-26,2019-06-27
0.00012421568637187557,2019-06-27,2019-06-28
8.171133330754701e-05,2019-06-28,2019-06-29
7.340520263976472e-05,2019-06-29,2019-06-30
2.0964513707570187e-05,2019-06-30,2019-07-01
8.969739342465703e-05,2019-07-01,2019-07-02
8.080856806689084e-05,2019-07-02,2019-07-03
2.889810298407616e-05,2019-07-03,2019-07-04
8.317285235618187e-05,2019-07-04,2019-07-05
9.391269191043181e-05,2019-07-05,2019-07-06
9.547040684925105e-06,2019-07-06,2019-07-07
9.452725531817138e-07,2019-07-07,2019-07-08
0.00016067791404394556,2019-07-08,2019-07-09
,2019-07-09,2019-07-10
5.047959159020286e-05,2019-07-10,2019-07-11
6.685329661024943e-05,2019-07-11,2019-07-12
0.00013527543386044277,2019-07-12,2019-07-13
,2019-07-13,2019-07-14
,2019-07-14,2019-07-15
,2019-07-15,2019-07-16
9.32507996651824e-05,2019-07-16,2019-07-17
,2019-07-17,2019-07-18
,2019-07-18,2019-07-19
,2019-07-19,2019-07-20
9.77121531808704e-05,2019-07-20,2019-07-21
0.0001328017366567373,2019-07-21,2019-07-22
,2019-07-22,2019-07-23
-1.0360142278733146e-05,2019-07-23,2019-07-24
5.2038730145742104e-05,2019-07-24,2019-07-25
0.0001644546205319502,2019-07-25,2019-07-26
0.00017076070013081676,2019-07-26,2019-07-27
0.00011850446739276426,2019-07-27,2019-07-28
0.0001041769215942744,2019-07-28,2019-07-29
0.00017543620611897367,2019-07-29,2019-07-30
4.6955253049504447e-05,2019-07-30,2019-07-31
9.259486707748455e-05,2019-07-31,2019-08-01
4.458029389653336e-05,2019-08-01,2019-08-02
,2019-08-02,2019-08-03
6.93505158442184e-05,2019-08-03,2019-08-04
-2.3506301657737135e-05,2019-08-04,2019-08-05
4.3963264866636625e-06,2019-08-05,2019-08-06
5.951792946298224e-05,2019-08-06,2019-08-07
0.0002358972517484437,2019-08-07,2019-08-08
,2019-08-08,2019-08-09
-3.7531327535029105e-05,2019-08-09,2019-08-10
,2019-08-10,2019-08-11
0.00016218292327949477,2019-08-11,2019-08-12
,2019-08-12,2019-08-13
,2019-08-13,2019-08-14
5.860973694382833e-05,2019-08-14,2019-08-15
0.00013505861338097142,2019-08-15,2019-08-16
,2019-08-16,2019-08-17
0.00016857315495144576,2019-08-17,2019-08-18
3.706723761402327e-05,2019-08-18,2019-08-19
8.584961620742005e-05,2019-08-19,2019-08-20
8.793838791530453e-05,2019-08-20,2019-08-21
8.479952216441172e-05,2019-08-21,2019-08-22
,2019-08-22,2019-08-23
,2019-08-23,2019-08-24
0.00015123070726030075,2019-08-24,2019-08-25
2.8320877798642062e-05,2019-08-25,2019-08-26
,2019-08-26,2019-08-27
,2019-08-27,2019-08-28
0.00018937345885206014,2019-08-28,2019-08-29
0.00033158226870000357,2019-08-29,2019-08-30
-0.00022910259217533133,2019-08-30,2019-08-31
4.148157993699298e-05,2019-08-31,2019-09-01
1.1819308958476046e-05,2019-09-01,2019-09-02
0.00012548695447923297,2019-09-02,2019-09-03
2.2278653994414338e-05,2019-09-03,2019-09-04
6.601078846206005e-05,2019-09-04,2019-09-05
6.189868745003109e-05,2019-09-05,2019-09-06
6.96768756388925e-06,2019-09-06,2019-09-07
0.000142528222764163,2019-09-07,2019-09-08
0.00010519816768094976,2019-09-08,2019-09-09
7.796198665621607e-05,2019-09-09,2019-09-10
0.00017064590928829999,2019-09-10,2019-09-11
,2019-09-11,2019-09-12
,2019-09-12,2019-09-13
,2019-09-13,2019-09-14
-2.7079145498339e-05,2019-09-14,2019-09-15
-0.00010849980753846467,2019-09-15,2019-09-16
,2019-09-16,2019-09-17
7.293194215549228e-05,2019-09-17,2019-09-18
0.00012243240552171499,2019-09-18,2019-09-19
,2019-09-19,2019-09-20
4.4304662755935576e-05,2019-09-20,2019-09-21
6.719672168285214e-05,2019-09-21,2019-09-22
,2019-09-22,2019-09-23
,2019-09-23,2019-09-24
,2019-09-24,2019-09-25
,2019-09-25,2019-09-26
0.00035821774508804083,2019-09-26,2019-09-27
0.00012225163065898164,2019-09-27,2019-09-28
0.0002095719037861284,2019-09-28,2019-09-29
0.00015789322142168872,2019-09-29,2019-09-30
0.00010800545806526604,2019-09-30,2019-10-01
0.0001737579768947595,2019-10-01,2019-10-02
8.218956230442276e-05,2019-10-02,2019-10-03
0.0003043901944550457,2019-10-03,2019-10-04
4.704659868522847e-05,2019-10-04,2019-10-05
0.000175775737113565,2019-10-05,2019-10-06
,2019-10-06,2019-10-07
3.090292903243917e-05,2019-10-07,2019-10-08
0.00014166481824307681,2019-10-08,2019-10-09
0.00017219477908975972,2019-10-09,2019-10-10
0.0001929062722760271,2019-10-10,2019-10-11
,2019-10-11,2019-10-12
,2019-10-12,2019-10-13
0.00014986127269068453,2019-10-13,2019-10-14
8.925810029372805e-05,2019-10-14,2019-10-15
0.00018203204122008157,2019-10-15,2019-10-16
0.00017682493990848228,2019-10-16,2019-10-17
4.544709803342311e-05,2019-10-17,2019-10-18
0.00010298422857387164,2019-10-18,2019-10-19
0.00016622207249608042,2019-10-19,2019-10-20
6.604724330827594e-05,2019-10-20,2019-10-21
,2019-10-21,2019-10-22
,2019-10-22,2019-10-23
0.00014718543563284252,2019-10-23,2019-10-24
,2019-10-24,2019-10-25
,2019-10-25,2019-10-26
,2019-10-26,2019-10-27
,2019-10-27,2019-10-28
,2019-10-28,2019-10-29
0.00021058682615315478,2019-10-29,2019-10-30
,2019-10-30,2019-10-31
,2019-10-31,2019-11-01
0.00013964581156198584,2019-11-01,2019-11-02
0.00010207672051579292,2019-11-02,2019-11-03
,2019-11-03,2019-11-04
0.0001659270451597314,2019-11-04,2019-11-05
0.00022032403197048189,2019-11-05,2019-11-06
0.00010850774930718768,2019-11-06,2019-11-07
0.0001533303704185032,2019-11-07,2019-11-08
2.449133360208192e-05,2019-11-08,2019-11-09
,2019-11-09,2019-11-10
9.954417328117415e-05,2019-11-10,2019-11-11
0.0002464783486751575,2019-11-11,2019-11-12
0.00022867480778989612,2019-11-12,2019-11-13
,2019-11-13,2019-11-14
0.00010585084429531501,2019-11-14,2019-11-15
0.00030495616036308647,2019-11-15,2019-11-16
0.00011812695955077446,2019-11-16,2019-11-17
0.00021635686380833276,2019-11-17,2019-11-18
0.0002562980434127043,2019-11-18,2019-11-19
0.0002262293126616732,2019-11-19,2019-11-20
0.00011831086490211988,2019-11-20,2019-11-21
0.0002690103541566053,2019-11-21,2019-11-22
0.00024063424610616224,2019-11-22,2019-11-23
3.679902874864638e-05,2019-11-23,2019-11-24
5.579817723156864e-05,2019-11-24,2019-11-25
,2019-11-25,2019-11-26
0.0001413787106896712,2019-11-26,2019-11-27
0.00020783471999290634,2019-11-27,2019-11-28
5.68003627756596e-05,2019-11-28,2019-11-29
,2019-11-29,2019-11-30
0.00032235882827080786,2019-11-30,2019-12-01
0.00017049506697583964,2019-12-01,2019-12-02
0.00014863180439011388,2019-12-02,2019-12-03
0.00010228400060441345,2019-12-03,2019-12-04
,2019-12-04,2019-12-05
,2019-12-05,2019-12-06
0.00013228345076440664,2019-12-06,2019-12-07
,2019-12-07,2019-12-08
0.00014744970608490858,2019-12-08,2019-12-09
,2019-12-09,2019-12-10
0.00018598558175317927,2019-12-10,2019-12-11
0.00012284358622023406,2019-12-11,2019-12-12
0.00010424578556875465,2019-12-12,2019-12-13
0.00021649416912227894,2019-12-13,2019-12-14
0.00042155042118187857,2019-12-14,2019-12-15
,2019-12-15,2019-12-16
0.0002754981434700852,2019-12-16,2019-12-17
0.00012149609064142323,2019-12-17,2019-12-18
,2019-12-18,2019-12-19
-4.637232239424427e-05,2019-12-19,2019-12-20
,2019-12-20,2019-12-21
7.94898009867197e-05,2019-12-21,2019-12-22
,2019-12-22,2019-12-23
0.00014850558862324745,2019-12-23,2019-12-24
0.0002550241906414324,2019-12-24,2019-12-25
4.728911813486761e-05,2019-12-25,2019-12-26
0.0002037281242062879,2019-12-26,2019-12-27
0.0002416867643049767,2019-12-27,2019-12-28
0.00011446567844384171,2019-12-28,2019-12-29
0.0001522148543134837,2019-12-29,2019-12-30
0.0002942146156084754,2019-12-30,2019-12-31
,2019-12-31,2020-01-01
0.00019095603014470568,2020-01-01,2020-01-02
0.0001758197167120249,2020-01-02,2020-01-03
0.0001811470054066706,2020-01-03,2020-01-04
0.00022215057650497484,2020-01-04,2020-01-05
0.00014516388393212616,2020-01-05,2020-01-06
0.00023126829603043478,2020-01-06,2020-01-07
0.00016550641808501151,2020-01-07,2020-01-08
0.000159444721198686,2020-01-08,2020-01-09
0.0001765471459148939,2020-01-09,2020-01-10
0.0002859636573313188,2020-01-10,2020-01-11
8.481429740966081e-05,2020-01-11,2020-01-12
0.00010708493420632839,2020-01-12,2020-01-13
0.00023941961766201446,2020-01-13,2020-01-14
0.00023421432398674675,2020-01-14,2020-01-15
0.0002480890194684822,2020-01-15,2020-01-16
,2020-01-16,2020-01-17
0.00025165356257570023,2020-01-17,2020-01-18
0.0001968408803631077,2020-01-18,2020-01-19
0.00034213327970800394,2020-01-19,2020-01-20
0.00014229120936798487,2020-01-20,2020-01-21
0.0001066841920417195,2020-01-21,2020-01-22
8.923695397071347e-05,2020-01-22,2020-01-23
0.00017678640409973264,2020-01-23,2020-01-24
0.0002021668074626597,2020-01-24,2020-01-25
0.00017547566869848365,2020-01-25,2020-01-26
0.00014955944190544665,2020-01-26,2020-01-27
0.00019820279546919764,2020-01-27,2020-01-28
0.000231551298848491,2020-01-28,2020-01-29
0.00020205059909375806,2020-01-29,2020-01-30
0.0003061261842824764,2020-01-30,2020-01-31
0.0003446412323474224,2020-01-31,2020-02-01
,2020-02-01,2020-02-02
0.00026602840370324685,2020-02-02,2020-02-03
0.0002472165544068208,2020-02-03,2020-02-04
,2020-02-04,2020-02-05
0.00044005492564907047,2020-02-05,2020-02-06
0.00022863024643044458,2020-02-06,2020-02-07
0.00011820208460106588,2020-02-07,2020-02-08
0.00023555920677210273,2020-02-08,2020-02-09
0.00034169363950356497,2020-02-09,2020-02-10
0.00038698984027453953,2020-02-10,2020-02-11
0.00015529482257825708,2020-02-11,2020-02-12
0.00023171227076090872,2020-02-12,2020-02-13
0.0002089000604718235,2020-02-13,2020-02-14
0.00026132682905329513,2020-02-14,2020-02-15
0.00030380175852302464,2020-02-15,2020-02-16
0.0003636691230425788,2020-02-16,2020-02-17
,2020-02-17,2020-02-18
0.0003318927710119802,2020-02-18,2020-02-19
0.0003606924125485871,2020-02-19,2020-02-20
0.0004235415821340932,2020-02-20,2020-02-21
,2020-02-21,2020-02-22
0.00013769388920409817,2020-02-22,2020-02-23
0.000269251566778081,2020-02-23,2020-02-24
0.00022319123268208955,2020-02-24,2020-02-25
0.00025699983925447174,2020-02-25,2020-02-26
0.0004184539985649566,2020-02-26,2020-02-27
0.0003476997340625563,2020-02-27,2020-02-28
0.00021151951313700998,2020-02-28,2020-02-29
0.0003134785123514319,2020-02-29,2020-03-01
0.00028898103814233977,2020-03-01,2020-03-02
0.00020608901487621827,2020-03-02,2020-03-03
0.0002824761524587368,2020-03-03,2020-03-04
,2020-03-04,2020-03-05
0.00019006718496096444,2020-03-05,2020-03-06
0.00021083901464025268,2020-03-06,2020-03-07
0.00020185153239251965,2020-03-07,2020-03-08
0.0002378402403791619,2020-03-08,2020-03-09
0.00033274868471983574,2020-03-09,2020-03-10
0.00034992924661132567,2020-03-10,2020-03-11
0.0003147830822962684,2020-03-11,2020-03-12
0.00022156388023530102,2020-03-12,2020-03-13
0.0004833935060985392,2020-03-13,2020-03-14
0.0003071506905542914,2020-03-14,2020-03-15
0.00020866848334287426,2020-03-15,2020-03-16
0.00029029366781574385,2020-03-16,2020-03-17
0.0003156514615008844,2020-03-17,2020-03-18
,2020-03-18,2020-03-19
,2020-03-19,2020-03-20
,2020-03-20,2020-03-21
0.00015962987092526737,2020-03-21,2020-03-22
0.0002507782280502534,2020-03-22,2020-03-23
0.0003755877640102171,2020-03-23,2020-03-24
0.00021914461628010608,2020-03-24,2020-03-25
0.00017389202883992866,2020-03-25,2020-03-26
0.000437584784236172,2020-03-26,2020-03-27
0.00020816200224398269,2020-03-27,2020-03-28
0.00033528026934896406,2020-03-28,2020-03-29
0.0001863390892109538,2020-03-29,2020-03-30
0.00023423400601855864,2020-03-30,2020-03-31
0.00016853676468132423,2020-03-31,2020-04-01
0.00015828455798327923,2020-04-01,2020-04-02
0.0002478837732618933,2020-04-02,2020-04-03
0.00025884601799143383,2020-04-03,2020-04-04
0.00017131145958956622,2020-04-04,2020-04-05
,2020-04-05,2020-04-06
0.00021277451010511797,2020-04-06,2020-04-07
9.38554371256366e-05,2020-04-07,2020-04-08
0.00013653609216760103,2020-04-08,2020-04-09
0.00014923111101977578,2020-04-09,2020-04-10
0.00010581246702077356,2020-04-10,2020-04-11
0.00017408897853229404,2020-04-11,2020-04-12
0.00016010750352543407,2020-04-12,2020-04-13
0.0001807971777470224,2020-04-13,2020-04-14
0.00022269607221989425,2020-04-14,2020-04-15
4.693396476795897e-05,2020-04-15,2020-04-16
0.00019896343468485552,2020-04-16,2020-04-17
0.0001839281614660109,2020-04-17,2020-04-18
0.00021453794530686005,2020-04-18,2020-04-19
0.00019141468643124845,2020-04-19,2020-04-20
0.00020317579391260104,2020-04-20,2020-04-21
,2020-04-21,2020-04-22
,2020-04-22,2020-04-23
0.00016009817113738146,2020-04-23,2020-04-24
,2020-04-24,2020-04-25
0.0001406910458095868,2020-04-25,2020-04-26
0.00013594279799546968,2020-04-26,2020-04-27
0.00013544343171042802,2020-04-27,2020-04-28
7.410965218508509e-05,2020-04-28,2020-04-29
0.00010461171125128785,2020-04-29,2020-04-30
0.0001838830943896734,2020-04-30,2020-05-01
0.00016563200827055224,2020-05-01,2020-05-02
0.00023791708481264885,2020-05-02,2020-05-03
0.0001532576961496553,2020-05-03,2020-05-04
0.00023076801647530136,2020-05-04,2020-05-05
,2020-05-05,2020-05-06
,2020-05-06,2020-05-07
,2020-05-07,2020-05-08
0.00012896975795815318,2020-05-08,2020-05-09
0.00011235204655122309,2020-05-09,2020-05-10
,2020-05-10,2020-05-11
,2020-05-11,2020-05-12
0.00023127830089533877,2020-05-12,2020-05-13
0.00016318259173762225,2020-05-13,2020-05-14
0.00015030014931253027,2020-05-14,2020-05-15
,2020-05-15,2020-05-16
,2020-05-16,2020-05-17
,2020-05-17,2020-05-18
0.00034385997744956146,2020-05-18,2020-05-19
,2020-05-19,2020-05-20
0.0001189361982722547,2020-05-20,2020-05-21
,2020-05-21,2020-05-22
2.677951647760532e-05,2020-05-22,2020-05-23
,2020-05-23,2020-05-24
0.00015992027465511766,2020-05-24,2020-05-25
0.00012299704560214664,2020-05-25,2020-05-26
8.88699439362386e-05,2020-05-26,2020-05-27
,2020-05-27,2020-05-28
0.00010825617791964679,2020-05-28,2020-05-29
6.240960160428663e-05,2020-05-29,2020-05-30
3.846044830897755e-05,2020-05-30,2020-05-31
-2.987381835365395e-06,2020-05-31,2020-06-01
0.00012114194412203875,2020-06-01,2020-06-02
0.00013343143068490253,2020-06-02,2020-06-03
4.184015518299238e-05,2020-06-03,2020-06-04
6.386906709541972e-05,2020-06-04,2020-06-05
6.390508387308208e-05,2020-06-05,2020-06-06
,2020-06-06,2020-06-07
,2020-06-07,2020-06-08
,2020-06-08,2020-06-09
9.759900266702663e-05,2020-06-09,2020-06-10
0.00018448677182740953,2020-06-10,2020-06-11
1.0387170742350296e-05,2020-06-11,2020-06-12
,2020-06-12,2020-06-13
0.00012623315099481348,2020-06-13,2020-06-14
0.00019543863785050596,2020-06-14,2020-06-15
-3.856742614450761e-06,2020-06-15,2020-06-16
,2020-06-16,2020-06-17
0.00014322307671692466,2020-06-17,2020-06-18
7.33823541965766e-05,2020-06-18,2020-06-19
5.250919320498035e-05,2020-06-19,2020-06-20
7.053601420995188e-05,2020-06-20,2020-06-21
,2020-06-21,2020-06-22
7.179510677216268e-05,2020-06-22,2020-06-23
4.058775404370783e-05,2020-06-23,2020-06-24
,2020-06-24,2020-06-25
,2020-06-25,2020-06-26
,2020-06-26,2020-06-27
0.00010475464489377303,2020-06-27,2020-06-28
9.694238940661947e-05,2020-06-28,2020-06-29
,2020-06-29,2020-06-30
0.00010067578479271045,2020-06-30,2020-07-01
8.496655202105822e-05,2020-07-01,2020-07-02
5.695702040364191e-05,2020-07-02,2020-07-03
0.00022936386622301205,2020-07-03,2020-07-04
0.0001326400427316771,2020-07-04,2020-07-05
-3.3158529189727524e-05,2020-07-05,2020-07-06
2.917879854773666e-05,2020-07-06,2020-07-07
-1.8534759861492544e-05,2020-07-07,2020-07-08
0.00013675290512561996,2020-07-08,2020-07-09
,2020-07-09,2020-07-10
,2020-07-10,2020-07-11
,2020-07-11,2020-07-12
,2020-07-12,2020-07-13
9.876886113591492e-05,2020-07-13,2020-07-14
0.00015492583835883706,2020-07-14,2020-07-15
0.0001079511928576952,2020-07-15,2020-07-16
,2020-07-16,2020-07-17
0.00013942450343443937,2020-07-17,2020-07-18
0.00011755113910268853,2020-07-18,2020-07-19
0.0003319758664293833,2020-07-19,2020-07-20
,2020-07-20,2020-07-21
0.00011235383423131234,2020-07-21,2020-07-22
,2020-07-22,2020-07-23
0.00019672187255181554,2020-07-23,2020-07-24
,2020-07-24,2020-07-25
,2020-07-25,2020-07-26
,2020-07-26,2020-07-27
0.000255097468316805,2020-07-27,2020-07-28
,2020-07-28,2020-07-29
,2020-07-29,2020-07-30
,2020-07-30,2020-07-31
2.194835337581231e-05,2020-07-31,2020-08-01
7.22438335812151e-05,2020-08-01,2020-08-02
,2020-08-02,2020-08-03
,2020-08-03,2020-08-04
,2020-08-04,2020-08-05
,2020-08-05,2020-08-06
,2020-08-06,2020-08-07
,2020-08-07,2020-08-08
6.165343655485986e-05,2020-08-08,2020-08-09
,2020-08-09,2020-08-10
,2020-08-10,2020-08-11
,2020-08-11,2020-08-12
6.756726523655993e-05,2020-08-12,2020-08-13
6.824330114802585e-05,2020-08-13,2020-08-14
6.551141187371996e-05,2020-08-14,2020-08-15
9.53623197143923e-05,2020-08-15,2020-08-16
,2020-08-16,2020-08-17
5.2186635932129836e-05,2020-08-17,2020-08-18
9.408554995921695e-05,2020-08-18,2020-08-19
0.0001086483686420994,2020-08-19,2020-08-20
5.898684525526202e-05,2020-08-20,2020-08-21
0.0001855142655410319,2020-08-21,2020-08-22
0.00013838075467228046,2020-08-22,2020-08-23
1.020713033914896e-05,2020-08-23,2020-08-24
-4.4336980382498894e-05,2020-08-24,2020-08-25
5.800061266907338e-05,2020-08-25,2020-08-26
0.00012725378676003141,2020-08-26,2020-08-27
0.0001226426706302097,2020-08-27,2020-08-28
8.611686644879429e-05,2020-08-28,2020-08-29
0.000158109816407928,2020-08-29,2020-08-30
0.00016019708677858895,2020-08-30,2020-08-31
9.00559617642378e-05,2020-08-31,2020-09-01
,2020-09-01,2020-09-02
,2020-09-02,2020-09-03
0.00010897291145325217,2020-09-03,2020-09-04
8.350929906288698e-05,2020-09-04,2020-09-05
6.279599504086146e-05,2020-09-05,2020-09-06
,2020-09-06,2020-09-07
,2020-09-07,2020-09-08
-2.856671194697828e-05,2020-09-08,2020-09-09
-4.658729364983872e-05,2020-09-09,2020-09-10
,2020-09-10,2020-09-11
5.088969002586624e-05,2020-09-11,2020-09-12
6.437920269536806e-05,2020-09-12,2020-09-13
0.0001609683889167115,2020-09-13,2020-09-14
,2020-09-14,2020-09-15
0.00011433706695737213,2020-09-15,2020-09-16
3.69041425834875e-05,2020-09-16,2020-09-17
-2.5222887248274982e-05,2020-09-17,2020-09-18
,2020-09-18,2020-09-19
0.0001903554784655242,2020-09-19,2020-09-20
,2020-09-20,2020-09-21
,2020-09-21,2020-09-22
,2020-09-22,2020-09-23
3.544372022705729e-05,2020-09-23,2020-09-24
0.0001260179927192051,2020-09-24,2020-09-25
,2020-09-25,2020-09-26
5.564912544903195e-05,2020-09-26,2020-09-27
6.616742823127159e-05,2020-09-27,2020-09-28
0.00022607882824303855,2020-09-28,2020-09-29
,2020-09-29,2020-09-30
,2020-09-30,2020-10-01
1.063345464081946e-05,2020-10-01,2020-10-02
8.39799467602166e-05,2020-10-02,2020-10-03
0.00010440836691846308,2020-10-03,2020-10-04
2.1119343670942212e-07,2020-10-04,2020-10-05
7.119013827322124e-05,2020-10-05,2020-10-06
0.00014433185737856982,2020-10-06,2020-10-07
,2020-10-07,2020-10-08
,2020-10-08,2020-10-09
,2020-10-09,2020-10-10
0.00012927445667007081,2020-10-10,2020-10-11
8.378911994586367e-05,2020-10-11,2020-10-12
0.00015813952321510827,2020-10-12,2020-10-13
0.00019339419761135458,2020-10-13,2020-10-14
,2020-10-14,2020-10-15
,2020-10-15,2020-10-16
9.858052342680413e-05,2020-10-16,2020-10-17
1.7811748198917226e-05,2020-10-17,2020-10-18
7.158585229107723e-05,2020-10-18,2020-10-19
0.00025201624483950244,2020-10-19,2020-10-20
3.3276900294780645e-05,2020-10-20,2020-10-21
0.0001338458078774041,2020-10-21,2020-10-22
7.5551739468982245e-06,2020-10-22,2020-10-23
7.105086143836031e-05,2020-10-23,2020-10-24
7.332211693731152e-05,2020-10-24,2020-10-25
8.174195566978968e-05,2020-10-25,2020-10-26
7.09171727688149e-05,2020-10-26,2020-10-27
0.00014054358271475427,2020-10-27,2020-10-28
0.00027630895941176006,2020-10-28,2020-10-29
0.00016856333291359507,2020-10-29,2020-10-30
,2020-10-30,2020-10-31
5.401703829654914e-06,2020-10-31,2020-11-01
0.00013711109576337277,2020-11-01,2020-11-02
0.00010352648444266678,2020-11-02,2020-11-03
0.0002582581414107276,2020-11-03,2020-11-04
0.00014794597360542175,2020-11-04,2020-11-05
0.00017130417653216933,2020-11-05,2020-11-06
0.0001608849066159518,2020-11-06,2020-11-07
0.00013229074621561016,2020-11-07,2020-11-08
0.00010145564967691983,2020-11-08,2020-11-09
0.00015497674913439116,2020-11-09,2020-11-10
0.00021538159361995392,2020-11-10,2020-11-11
0.00016805035745520199,2020-11-11,2020-11-12
0.00020928673083462292,2020-11-12,2020-11-13
0.00013285142584731994,2020-11-13,2020-11-14
0.00012703248106405904,2020-11-14,2020-11-15
,2020-11-15,2020-11-16
0.0003014676645325617,2020-11-16,2020-11-17
0.0002102343142154845,2020-11-17,2020-11-18
0.00012262721073695023,2020-11-18,2020-11-19
0.00016892570571620775,2020-11-19,2020-11-20
0.00011491222548107556,2020-11-20,2020-11-21
0.00011384956417921267,2020-11-21,2020-11-22
,2020-11-22,2020-11-23
0.00020881247554244142,2020-11-23,2020-11-24
,2020-11-24,2020-11-25
,2020-11-25,2020-11-26
0.00012616205315618966,2020-11-26,2020-11-27
5.329385075339822e-05,2020-11-27,2020-11-28
0.00028728226288020055,2020-11-28,2020-11-29
0.0003573190095101813,2020-11-29,2020-11-30
0.0001306101105465639,2020-11-30,2020-12-01
,2020-12-01,2020-12-02
,2020-12-02,2020-12-03
0.00018959787337418825,2020-12-03,2020-12-04
3.9636452885990645e-06,2020-12-04,2020-12-05
0.0002854040079956077,2020-12-05,2020-12-06
0.00014346447719669822,2020-12-06,2020-12-07
0.0001896025597799699,2020-12-07,2020-12-08
0.0002746485650170507,2020-12-08,2020-12-09
0.00022328511005167306,2020-12-09,2020-12-10
0.0003934967004419624,2020-12-10,2020-12-11
0.0002129514349934719,2020-12-11,2020-12-12
0.00026800923425236034,2020-12-12,2020-12-13
0.00013003341052278815,2020-12-13,2020-12-14
0.00013471452886399884,2020-12-14,2020-12-15
0.0002642558670693581,2020-12-15,2020-12-16
0.00022060756321538278,2020-12-16,2020-12-17
,2020-12-17,2020-12-18
0.00021391068667409735,2020-12-18,2020-12-19
,2020-12-19,2020-12-20
,2020-12-20,2020-12-21
,2020-12-21,2020-12-22
,2020-12-22,2020-12-23
,2020-12-23,2020-12-24
-3.192751512459696e-05,2020-12-24,2020-12-25
0.00020538035127665158,2020-12-25,2020-12-26
0.00012722333081240932,2020-12-26,2020-12-27
0.00016223083436213767,2020-12-27,2020-12-28
0.00010140355405440167,2020-12-28,2020-12-29
0.0001641161179862313,2020-12-29,2020-12-30
0.00024307805793645035,2020-12-30,2020-12-31
-0.0002275538913316912,2020-12-31,2021-01-01
,2021-01-01,2021-01-02
,2021-01-02,2021-01-03
,2021-01-03,2021-01-04
0.0002369831877015258,2021-01-04,2021-01-05
-0.00015060267464114138,2021-01-05,2021-01-06
0.00015140760360911012,2021-01-06,2021-01-07
0.00018982652430122405,2021-01-07,2021-01-08
0.0002692413319713535,2021-01-08,2021-01-09
,2021-01-09,2021-01-10
,2021-01-10,2021-01-11
,2021-01-11,2021-01-12
,2021-01-12,2021-01-13
,2021-01-13,2021-01-14
0.00013065780612642915,2021-01-14,2021-01-15
,2021-01-15,2021-01-16
,2021-01-16,2021-01-17
-2.814097830969805e-05,2021-01-17,2021-01-18
,2021-01-18,2021-01-19
0.00017851793261510905,2021-01-19,2021-01-20
0.00010326934072173074,2021-01-20,2021-01-21
0.00020518380408967676,2021-01-21,2021-01-22
0.00021405838993063958,2021-01-22,2021-01-23
0.0001862861907533469,2021-01-23,2021-01-24
0.00013544043517797505,2021-01-24,2021-01-25
0.00031747377618621564,2021-01-25,2021-01-26
0.0001746427192303254,2021-01-26,2021-01-27
0.00024166428179958486,2021-01-27,2021-01-28
0.0004977647487152561,2021-01-28,2021-01-29
0.00010886811058399029,2021-01-29,2021-01-30
0.00028148341818867365,2021-01-30,2021-01-31
0.00024370344036558716,2021-01-31,2021-02-01
-4.071811077386823e-05,2021-02-01,2021-02-02
0.0001380282355278192,2021-02-02,2021-02-03
,2021-02-03,2021-02-04
0.00019153028799780947,2021-02-04,2021-02-05
0.00012441741492702038,2021-02-05,2021-02-06
0.00018917085232887404,2021-02-06,2021-02-07
,2021-02-07,2021-02-08
3.277584362007702e-06,2021-02-08,2021-02-09
0.00023601499431558518,2021-02-09,2021-02-10
0.00024592325094002467,2021-02-10,2021-02-11
0.00029072066306474396,2021-02-11,2021-02-12
0.00026454336918664036,2021-02-12,2021-02-13
0.00031195545302257235,2021-02-13,2021-02-14
0.0002835153994791087,2021-02-14,2021-02-15
0.00020506358397553843,2021-02-15,2021-02-16
0.00020555070700576758,2021-02-16,2021-02-17
0.00039002192668680596,2021-02-17,2021-02-18
0.0003264424821823476,2021-02-18,2021-02-19
,2021-02-19,2021-02-20
0.00017093583488459537,2021-02-20,2021-02-21
0.00021399038649190402,2021-02-21,2021-02-22
0.00022770189621648128,2021-02-22,2021-02-23
0.00015895497990362447,2021-02-23,2021-02-24
0.00011521431348600529,2021-02-24,2021-02-25
0.00023258987082133857,2021-02-25,2021-02-26
0.00022899779220138296,2021-02-26,2021-02-27
0.00019203815437070964,2021-02-27,2021-02-28
0.0002025289533110259,2021-02-28,2021-03-01
8.974775815940257e-05,2021-03-01,2021-03-02
0.00043641582796911455,2021-03-02,2021-03-03
0.00020431968536316147,2021-03-03,2021-03-04
0.0003839609401357379,2021-03-04,2021-03-05
0.000340619996168998,2021-03-05,2021-03-06
0.0003904318930223298,2021-03-06,2021-03-07
,2021-03-07,2021-03-08
0.00011135850375333045,2021-03-08,2021-03-09
0.00023715284624550541,2021-03-09,2021-03-10
0.00016903455187588986,2021-03-10,2021-03-11
0.00021058634332480524,2021-03-11,2021-03-12
0.00020235472743102811,2021-03-12,2021-03-13
0.00014094891291175716,2021-03-13,2021-03-14
0.00021794020987743403,2021-03-14,2021-03-15
0.00024264382654747024,2021-03-15,2021-03-16
0.00026160085642596125,2021-03-16,2021-03-17
0.0002512875576035589,2021-03-17,2021-03-18
0.00021784420682292312,2021-03-18,2021-03-19
0.0003225614713497484,2021-03-19,2021-03-20
,2021-03-20,2021-03-21
0.0002924193098551018,2021-03-21,2021-03-22
0.00032667466788786355,2021-03-22,2021-03-23
,2021-03-23,2021-03-24
0.00036613854310801316,2021-03-24,2021-03-25
,2021-03-25,2021-03-26
,2021-03-26,2021-03-27
,2021-03-27,2021-03-28
,2021-03-28,2021-03-29
0.0001351284841152603,2021-03-29,2021-03-30
0.00013925932370191264,2021-03-30,2021-03-31
0.00014751188422051364,2021-03-31,2021-04-01
0.00017723676506264818,2021-04-01,2021-04-02
0.000157007514811033,2021-04-02,2021-04-03
0.00012450379005346125,2021-04-03,2021-04-04
0.00015552112954549287,2021-04-04,2021-04-05
0.00019786740292815808,2021-04-05,2021-04-06
0.00034709490021203897,2021-04-06,2021-04-07
0.00033669439300408475,2021-04-07,2021-04-08
,2021-04-08,2021-04-09
0.00016831140770937552,2021-04-09,2021-04-10
0.00031713837923822466,2021-04-10,2021-04-11
0.0002353733053514023,2021-04-11,2021-04-12
0.0002593412850278531,2021-04-12,2021-04-13
,2021-04-13,2021-04-14
0.00017001518311318085,2021-04-14,2021-04-15
0.00017373437354407242,2021-04-15,2021-04-16
0.00010102694195273309,2021-04-16,2021-04-17
,2021-04-17,2021-04-18
0.00011802127876500773,2021-04-18,2021-04-19
0.00010816492580431439,2021-04-19,2021-04-20
0.00018472785960226955,2021-04-20,2021-04-21
0.00019721310198846014,2021-04-21,2021-04-22
0.00018559748283013594,2021-04-22,2021-04-23
,2021-04-23,2021-04-24
,2021-04-24,2021-04-25
0.0002471323820972468,2021-04-25,2021-04-26
0.00014636634417773212,2021-04-26,2021-04-27
0.00021348452124010428,2021-04-27,2021-04-28
0.00017317655060348399,2021-04-28,2021-04-29
0.0003036636855953661,2021-04-29,2021-04-30
0.0001951219315353232,2021-04-30,2021-05-01
0.0002452214396045821,2021-05-01,2021-05-02
0.00026453894295359924,2021-05-02,2021-05-03
8.557056172578272e-05,2021-05-03,2021-05-04
0.00022090673232489226,2021-05-04,2021-05-05
0.00024892174608779716,2021-05-05,2021-05-06
0.000200302745968036,2021-05-06,2021-05-07
0.00034027148229335213,2021-05-07,2021-05-08
0.00017075794100777645,2021-05-08,2021-05-09
0.00017545109481781096,2021-05-09,2021-05-10
,2021-05-10,2021-05-11
0.00013694917228807764,2021-05-11,2021-05-12
0.00011870030151040495,2021-05-12,2021-05-13
,2021-05-13,2021-05-14
,2021-05-14,2021-05-15
,2021-05-15,2021-05-16
,2021-05-16,2021-05-17
0.00010736229635066267,2021-05-17,2021-05-18
0.00011513932068125093,2021-05-18,2021-05-19
3.7632326797477766e-05,2021-05-19,2021-05-20
,2021-05-20,2021-05-21
,2021-05-21,2021-05-22
0.00015624556522182188,2021-05-22,2021-05-23
,2021-05-23,2021-05-24
8.640041676999091e-05,2021-05-24,2021-05-25
,2021-05-25,2021-05-26
,2021-05-26,2021-05-27
0.00011972266964552325,2021-05-27,2021-05-28
0.00028462416867330165,2021-05-28,2021-05-29
5.1408435696356075e-05,2021-05-29,2021-05-30
0.00016383131163023998,2021-05-30,2021-05-31
0.00011796610275674188,2021-05-31,2021-06-01
0.00015662548734361536,2021-06-01,2021-06-02
0.0001080532010729993,2021-06-02,2021-06-03
,2021-06-03,2021-06-04
-1.3164129551316546e-05,2021-06-04,2021-06-05
,2021-06-05,2021-06-06
0.00018453596934389228,2021-06-06,2021-06-07
0.00011848978863517127,2021-06-07,2021-06-08
,2021-06-08,2021-06-09
8.833928529805503e-05,2021-06-09,2021-06-10
0.0001354862306320936,2021-06-10,2021-06-11
,2021-06-11,2021-06-12
5.342745342748797e-05,2021-06-12,2021-06-13
,2021-06-13,2021-06-14
0.0002191296073331067,2021-06-14,2021-06-15
0.00013348478072374448,2021-06-15,2021-06-16
2.117090359564527e-05,2021-06-16,2021-06-17
2.6159526392206325e-05,2021-06-17,2021-06-18
0.00013959025484745952,2021-06-18,2021-06-19
3.4048939573982124e-05,2021-06-19,2021-06-20
6.569158932740452e-05,2021-06-20,2021-06-21
0.00016244227498501997,2021-06-21,2021-06-22
,2021-06-22,2021-06-23
0.00012147651420125277,2021-06-23,2021-06-24
7.041590683398183e-05,2021-06-24,2021-06-25
8.078253427334957e-05,2021-06-25,2021-06-26
,2021-06-26,2021-06-27
0.00015283149525721572,2021-06-27,2021-06-28
8.158938262454332e-05,2021-06-28,2021-06-29
-8.562912389164453e-05,2021-06-29,2021-06-30
9.404885234298091e-05,2021-06-30,2021-07-01
,2021-07-01,2021-07-02
0.00026133946976272506,2021-07-02,2021-07-03
0.00041966595122556945,2021-07-03,2021-07-04
,2021-07-04,2021-07-05
-6.64929785597373e-05,2021-07-05,2021-07-06
-2.2501356234331296e-05,2021-07-06,2021-07-07
-2.1719271516650014e-05,2021-07-07,2021-07-08
,2021-07-08,2021-07-09
,2021-07-09,2021-07-10
,2021-07-10,2021-07-11
,2021-07-11,2021-07-12
,2021-07-12,2021-07-13
4.777782884694065e-05,2021-07-13,2021-07-14
,2021-07-14,2021-07-15
,2021-07-15,2021-07-16
,2021-07-16,2021-07-17
,2021-07-17,2021-07-18
0.00023892255255099178,2021-07-18,2021-07-19
4.428448499914935e-05,2021-07-19,2021-07-20
8.70193889447396e-05,2021-07-20,2021-07-21
0.00014571267971127185,2021-07-21,2021-07-22
,2021-07-22,2021-07-23
3.398212134169013e-05,2021-07-23,2021-07-24
,2021-07-24,2021-07-25
,2021-07-25,2021-07-26
,2021-07-26,2021-07-27
9.853908654433985e-05,2021-07-27,2021-07-28
2.6380996386437524e-05,2021-07-28,2021-07-29
9.667988833399398e-05,2021-07-29,2021-07-30
0.00011559060427844755,2021-07-30,2021-07-31
5.107784333170062e-05,2021-07-31,2021-08-01
0.00011282336970008253,2021-08-01,2021-08-02
0.00023687187107024,2021-08-02,2021-08-03
-2.139473278983324e-06,2021-08-03,2021-08-04
0.00015314052530133722,2021-08-04,2021-08-05
,2021-08-05,2021-08-06
4.0648579074643184e-05,2021-08-06,2021-08-07
0.00018890056543202646,2021-08-07,2021-08-08
,2021-08-08,2021-08-09
6.617820779227803e-05,2021-08-09,2021-08-10
0.00013697753714143668,2021-08-10,2021-08-11
,2021-08-11,2021-08-12
,2021-08-12,2021-08-13
,2021-08-13,2021-08-14
0.00026639703765307145,2021-08-14,2021-08-15
3.998720165802974e-05,2021-08-15,2021-08-16
,2021-08-16,2021-08-17
0.00010308701129907165,2021-08-17,2021-08-18
0.00011400188483530998,2021-08-18,2021-08-19
0.000134093894517092,2021-08-19,2021-08-20
0.00011035215858157234,2021-08-20,2021-08-21
,2021-08-21,2021-08-22
,2021-08-22,2021-08-23
5.5902157012745803e-05,2021-08-23,2021-08-24
1.4433752468963497e-05,2021-08-24,2021-08-25
,2021-08-25,2021-08-26
,2021-08-26,2021-08-27
0.00014789508341967142,2021-08-27,2021-08-28
-1.8584795708517987e-05,2021-08-28,2021-08-29
,2021-08-29,2021-08-30
0.00021788631171894556,2021-08-30,2021-08-31
5.991877038189847e-05,2021-08-31,2021-09-01
5.901041403594232e-05,2021-09-01,2021-09-02
0.0001396001138181346,2021-09-02,2021-09-03
0.00027441200814626,2021-09-03,2021-09-04
,2021-09-04,2021-09-05
0.00018436719413891003,2021-09-05,2021-09-06
0.00023575521383281862,2021-09-06,2021-09-07
0.00015063527008098526,2021-09-07,2021-09-08
0.00032337115019012274,2021-09-08,2021-09-09
2.1479099701057176e-05,2021-09-09,2021-09-10
5.667476364560356e-05,2021-09-10,2021-09-11
5.029398661671392e-05,2021-09-11,2021-09-12
7.258111501521719e-05,2021-09-12,2021-09-13
8.283100553994798e-05,2021-09-13,2021-09-14
2.391585104770661e-06,2021-09-14,2021-09-15
-1.5183986753519106e-05,2021-09-15,2021-09-16
0.00017015724999241882,2021-09-16,2021-09-17
0.0002497155814623704,2021-09-17,2021-09-18
,2021-09-18,2021-09-19
4.18657035174414e-05,2021-09-19,2021-09-20
,2021-09-20,2021-09-21
,2021-09-21,2021-09-22
3.183551893105144e-05,2021-09-22,2021-09-23
6.4424578070135e-05,2021-09-23,2021-09-24
0.00014051400157022843,2021-09-24,2021-09-25
5.278711360427154e-05,2021-09-25,2021-09-26
,2021-09-26,2021-09-27
-8.034903995154305e-05,2021-09-27,2021-09-28
,2021-09-28,2021-09-29
0.00014076652889327893,2021-09-29,2021-09-30
,2021-09-30,2021-10-01
,2021-10-01,2021-10-02
8.099903767863547e-05,2021-10-02,2021-10-03
4.413588492435173e-05,2021-10-03,2021-10-04
,2021-10-04,2021-10-05
,2021-10-05,2021-10-06
-0.00011215378939636268,2021-10-06,2021-10-07
9.579922653074743e-05,2021-10-07,2021-10-08
5.607402213075693e-05,2021-10-08,2021-10-09
,2021-10-09,2021-10-10
,2021-10-10,2021-10-11
,2021-10-11,2021-10-12
5.556127220190617e-06,2021-10-12,2021-10-13
7.54321079031583e-05,2021-10-13,2021-10-14
3.614275812152057e-05,2021-10-14,2021-10-15
0.00010842634340746492,2021-10-15,2021-10-16
,2021-10-16,2021-10-17
0.0001290246455066353,2021-10-17,2021-10-18
0.0001631285291861095,2021-10-18,2021-10-19
5.5809921444088884e-05,2021-10-19,2021-10-20
,2021-10-20,2021-10-21
0.0001278843069982704,2021-10-21,2021-10-22
0.00021072202201879338,2021-10-22,2021-10-23
-9.627922715197988e-06,2021-10-23,2021-10-24
5.3927804038374983e-05,2021-10-24,2021-10-25
0.00016805466481006139,2021-10-25,2021-10-26
0.00019667654137949474,2021-10-26,2021-10-27
0.0001777093559165968,2021-10-27,2021-10-28
,2021-10-28,2021-10-29
0.00011828579324189364,2021-10-29,2021-10-30
0.0001196376869877708,2021-10-30,2021-10-31
4.1841272761754374e-05,2021-10-31,2021-11-01
,2021-11-01,2021-11-02
1.3877856716531461e-05,2021-11-02,2021-11-03
0.00012124874813897418,2021-11-03,2021-11-04
,2021-11-04,2021-11-05
0.00019466852080870858,2021-11-05,2021-11-06
,2021-11-06,2021-11-07
,2021-11-07,2021-11-08
,2021-11-08,2021-11-09
,2021-11-09,2021-11-10
0.00011177114847575736,2021-11-10,2021-11-11
,2021-11-11,2021-11-12
,2021-11-12,2021-11-13
-2.9307014994332408e-05,2021-11-13,2021-11-14
-9.896915283582645e-05,2021-11-14,2021-11-15
,2021-11-15,2021-11-16
,2021-11-16,2021-11-17
,2021-11-17,2021-11-18
6.605823757240088e-05,2021-11-18,2021-11-19
,2021-11-19,2021-11-20
1.657601601937637e-05,2021-11-20,2021-11-21
4.740992484225589e-05,2021-11-21,2021-11-22
9.97903995152294e-05,2021-11-22,2021-11-23
,2021-11-23,2021-11-24
,2021-11-24,2021-11-25
,2021-11-25,2021-11-26
0.00012520533205523507,2021-11-26,2021-11-27
3.6335866796414156e-05,2021-11-27,2021-11-28
,2021-11-28,2021-11-29
,2021-11-29,2021-11-30
0.0005226186982595917,2021-11-30,2021-12-01
0.00017217998683970124,2021-12-01,2021-12-02
0.00015270440783731755,2021-12-02,2021-12-03
0.0002892300586867999,2021-12-03,2021-12-04
0.00016579187850975337,2021-12-04,2021-12-05
0.0001980647621395809,2021-12-05,2021-12-06
0.0001668042237377873,2021-12-06,2021-12-07
0.0002453597373491608,2021-12-07,2021-12-08
0.0001995450183162504,2021-12-08,2021-12-09
0.00030440026136056543,2021-12-09,2021-12-10
0.0002289257347507758,2021-12-10,2021-12-11
0.0002056766954945566,2021-12-11,2021-12-12
0.0002984725432944723,2021-12-12,2021-12-13
,2021-12-13,2021-12-14
,2021-12-14,2021-12-15
,2021-12-15,2021-12-16
9.829105344649392e-05,2021-12-16,2021-12-17
9.760525530799496e-05,2021-12-17,2021-12-18
9.303462975357217e-05,2021-12-18,2021-12-19
0.0002646616280720567,2021-12-19,2021-12-20
,2021-12-20,2021-12-21
0.00017231326932127495,2021-12-21,2021-12-22
0.00020611439241849226,2021-12-22,2021-12-23
0.00030237337755542143,2021-12-23,2021-12-24
0.0002349150910121452,2021-12-24,2021-12-25
0.00021882030250849907,2021-12-25,2021-12-26
0.0003354193959285042,2021-12-26,2021-12-27
0.0002449520763396187,2021-12-27,2021-12-28
0.0002450576515296766,2021-12-28,2021-12-29
0.0001861325651091632,2021-12-29,2021-12-30
0.0001274425730867105,2021-12-30,2021-12-31
0.00014578293795570072,2021-12-31,2022-01-01
0.00027320075786026405,2022-01-01,2022-01-02
0.00021400305299728122,2022-01-02,2022-01-03
,2022-01-03,2022-01-04
,2022-01-04,2022-01-05
,2022-01-05,2022-01-06
0.0003065800440365972,2022-01-06,2022-01-07
0.00014819511029675445,2022-01-07,2022-01-08
0.00015247550320411665,2022-01-08,2022-01-09
0.00014520682543919277,2022-01-09,2022-01-10
,2022-01-10,2022-01-11
0.00018997720275258412,2022-01-11,2022-01-12
0.00019935246603039163,2022-01-12,2022-01-13
0.00030545436797796964,2022-01-13,2022-01-14
0.0002583368599955235,2022-01-14,2022-01-15
0.00021047168445525284,2022-01-15,2022-01-16
0.0003012163982798455,2022-01-16,2022-01-17
0.00022452156086287124,2022-01-17,2022-01-18
0.00021422245652501684,2022-01-18,2022-01-19
0.00022023679583946693,2022-01-19,2022-01-20
0.00012833297098023897,2022-01-20,2022-01-21
,2022-01-21,2022-01-22
0.00027746068777385863,2022-01-22,2022-01-23
0.00019359793924805558,2022-01-23,2022-01-24
0.00017131714858262208,2022-01-24,2022-01-25
0.0001834710480937354,2022-01-25,2022-01-26
0.00021311397224775213,2022-01-26,2022-01-27
0.0002709026067374139,2022-01-27,2022-01-28
0.00019627029645885764,2022-01-28,2022-01-29
0.00027286032843617207,2022-01-29,2022-01-30
0.00031655194548329895,2022-01-30,2022-01-31
0.00029546523330516313,2022-01-31,2022-02-01
0.000292404894202498,2022-02-01,2022-02-02
0.00024690157245103867,2022-02-02,2022-02-03
3.582195972256424e-07,2022-02-03,2022-02-04
0.00020598418210313383,2022-02-04,2022-02-05
0.0003386893965323936,2022-02-05,2022-02-06
,2022-02-06,2022-02-07
0.0006500630612512026,2022-02-07,2022-02-08
0.00014950273528800714,2022-02-08,2022-02-09
0.0002932414859561438,2022-02-09,2022-02-10
,2022-02-10,2022-02-11
,2022-02-11,2022-02-12
0.00024929030075053515,2022-02-12,2022-02-13
0.0001832808502081279,2022-02-13,2022-02-14
6.943415445256418e-05,2022-02-14,2022-02-15
0.00024495270915367843,2022-02-15,2022-02-16
0.0003118394644699085,2022-02-16,2022-02-17
0.0002076891265197634,2022-02-17,2022-02-18
0.000298992691619748,2022-02-18,2022-02-19
,2022-02-19,2022-02-20
0.00016783637076512594,2022-02-20,2022-02-21
0.00026385106762363933,2022-02-21,2022-02-22
,2022-02-22,2022-02-23
0.00023536590847411155,2022-02-23,2022-02-24
0.0002581368930631657,2022-02-24,2022-02-25
0.0003047658858295771,2022-02-25,2022-02-26
0.00018527170134721146,2022-02-26,2022-02-27
0.0001869507970714995,2022-02-27,2022-02-28
0.00016817056824201498,2022-02-28,2022-03-01
0.0003336568439815381,2022-03-01,2022-03-02
,2022-03-02,2022-03-03
,2022-03-03,2022-03-04
0.00013060837426274633,2022-03-04,2022-03-05
0.0002367314640597139,2022-03-05,2022-03-06
0.0001244626540205327,2022-03-06,2022-03-07
0.000254140146004765,2022-03-07,2022-03-08
0.0002916890989966627,2022-03-08,2022-03-09
0.000415120426756822,2022-03-09,2022-03-10
,2022-03-10,2022-03-11
0.0003640472679822728,2022-03-11,2022-03-12
0.00025255733661767106,2022-03-12,2022-03-13
0.0002423098280679168,2022-03-13,2022-03-14
0.00020662570281074858,2022-03-14,2022-03-15
,2022-03-15,2022-03-16
,2022-03-16,2022-03-17
0.0001408299017965568,2022-03-17,2022-03-18
0.00018604965700600112,2022-03-18,2022-03-19
0.00013190429755385717,2022-03-19,2022-03-20
5.9547691621581265e-05,2022-03-20,2022-03-21
0.00022398018365842195,2022-03-21,2022-03-22
0.000108541975613069,2022-03-22,2022-03-23
9.187768578295359e-05,2022-03-23,2022-03-24
0.00015967687631602455,2022-03-24,2022-03-25
0.0002850683208567959,2022-03-25,2022-03-26
,2022-03-26,2022-03-27
0.0002490420492170981,2022-03-27,2022-03-28
0.00021130364063971105,2022-03-28,2022-03-29
0.0001980891761411969,2022-03-29,2022-03-30
0.00013127649733529333,2022-03-30,2022-03-31
0.00015555510933276337,2022-03-31,2022-04-01
0.00017619319286538482,2022-04-01,2022-04-02
0.00014059639989432148,2022-04-02,2022-04-03
0.0001703569748149655,2022-04-03,2022-04-04
0.0002297686056303355,2022-04-04,2022-04-05
4.9991247948800566e-05,2022-04-05,2022-04-06
0.00016299304080664057,2022-04-06,2022-04-07
0.00018579368753747746,2022-04-07,2022-04-08
,2022-04-08,2022-04-09
,2022-04-09,2022-04-10
,2022-04-10,2022-04-11
,2022-04-11,2022-04-12
,2022-04-12,2022-04-13
0.00030447172504232463,2022-04-13,2022-04-14
8.205374538833605e-05,2022-04-14,2022-04-15
7.748130993148584e-05,2022-04-15,2022-04-16
0.00015158522182658564,2022-04-16,2022-04-17
7.891535287230517e-05,2022-04-17,2022-04-18
0.00011846909244501146,2022-04-18,2022-04-19
,2022-04-19,2022-04-20
0.00016138199985121196,2022-04-20,2022-04-21
0.00022171564508168063,2022-04-21,2022-04-22
,2022-04-22,2022-04-23
0.0001954804763636203,2022-04-23,2022-04-24
0.00010304138726396108,2022-04-24,2022-04-25
,2022-04-25,2022-04-26
0.00014547634921646126,2022-04-26,2022-04-27
,2022-04-27,2022-04-28
0.0001702247955731384,2022-04-28,2022-04-29
0.00012108627774339764,2022-04-29,2022-04-30
0.00012277276636180157,2022-04-30,2022-05-01
0.0003810527459853912,2022-05-01,2022-05-02
2.5120632799905263e-05,2022-05-02,2022-05-03
0.00025578174174908924,2022-05-03,2022-05-04
0.0001324324900700663,2022-05-04,2022-05-05
0.00027845037619856857,2022-05-05,2022-05-06
,2022-05-06,2022-05-07
0.0001245789879718025,2022-05-07,2022-05-08
5.518234660453233e-05,2022-05-08,2022-05-09
0.00027368326007155917,2022-05-09,2022-05-10
0.00027386103032306196,2022-05-10,2022-05-11
0.00017857420960300788,2022-05-11,2022-05-12
,2022-05-12,2022-05-13
,2022-05-13,2022-05-14
,2022-05-14,2022-05-15
8.314432120215452e-05,2022-05-15,2022-05-16
0.00011918614569168417,2022-05-16,2022-05-17
6.186188251343297e-05,2022-05-17,2022-05-18
0.00016942807375464953,2022-05-18,2022-05-19
0.00010185633651367152,2022-05-19,2022-05-20
0.0001269854610317807,2022-05-20,2022-05-21
0.0001035452744245199,2022-05-21,2022-05-22
0.00010796773576053157,2022-05-22,2022-05-23
7.447266785207117e-05,2022-05-23,2022-05-24
-1.5307273577746597e-06,2022-05-24,2022-05-25
0.00012383532137882675,2022-05-25,2022-05-26
,2022-05-26,2022-05-27
,2022-05-27,2022-05-28
,2022-05-28,2022-05-29
,2022-05-29,2022-05-30
,2022-05-30,2022-05-31
,2022-05-31,2022-06-01
,2022-06-01,2022-06-02
0.00018358539971263533,2022-06-02,2022-06-03
0.00015030709967507472,2022-06-03,2022-06-04
9.414807926921689e-05,2022-06-04,2022-06-05
0.000123758492939711,2022-06-05,2022-06-06
0.0001682041611953286,2022-06-06,2022-06-07
,2022-06-07,2022-06-08
4.1248019010829026e-05,2022-06-08,2022-06-09
-8.419194620716341e-06,2022-06-09,2022-06-10
0.00013366630534901788,2022-06-10,2022-06-11
,2022-06-11,2022-06-12
,2022-06-12,2022-06-13
2.5759056943250888e-05,2022-06-13,2022-06-14
0.00012117725523827433,2022-06-14,2022-06-15
0.00024499568256119416,2022-06-15,2022-06-16
,2022-06-16,2022-06-17
0.00012832769274474218,2022-06-17,2022-06-18
0.0001097707382185579,2022-06-18,2022-06-19
0.000144456078251898,2022-06-19,2022-06-20
5.598069042102164e-05,2022-06-20,2022-06-21
0.0001282065965869676,2022-06-21,2022-06-22
0.00010783514901732542,2022-06-22,2022-06-23
0.00010416845002541648,2022-06-23,2022-06-24
,2022-06-24,2022-06-25
3.9249972641674216e-05,2022-06-25,2022-06-26
0.00012537316420659685,2022-06-26,2022-06-27
7.708686326257748e-05,2022-06-27,2022-06-28
7.225822512719809e-05,2022-06-28,2022-06-29
0.00016332304132192415,2022-06-29,2022-06-30
,2022-06-30,2022-07-01
7.553708098895043e-05,2022-07-01,2022-07-02
9.99027496473259e-05,2022-07-02,2022-07-03
,2022-07-03,2022-07-04
5.6132880010065345e-05,2022-07-04,2022-07-05
0.00013059267676789854,2022-07-05,2022-07-06
,2022-07-06,2022-07-07
,2022-07-07,2022-07-08
7.671319464622945e-05,2022-07-08,2022-07-09
8.206146864728497e-05,2022-07-09,2022-07-10
,2022-07-10,2022-07-11
,2022-07-11,2022-07-12
6.704650979059643e-06,2022-07-12,2022-07-13
5.6466770206948375e-05,2022-07-13,2022-07-14
0.00010445817126752238,2022-07-14,2022-07-15
,2022-07-15,2022-07-16
,2022-07-16,2022-07-17
,2022-07-17,2022-07-18
,2022-07-18,2022-07-19
,2022-07-19,2022-07-20
0.0001383958651517181,2022-07-20,2022-07-21
,2022-07-21,2022-07-22
,2022-07-22,2022-07-23
8.822001896596733e-05,2022-07-23,2022-07-24
,2022-07-24,2022-07-25
4.305931188681326e-05,2022-07-25,2022-07-26
0.00020919007200858526,2022-07-26,2022-07-27
,2022-07-27,2022-07-28
0.0002729428244856928,2022-07-28,2022-07-29
,2022-07-29,2022-07-30
0.0001202865665086136,2022-07-30,2022-07-31
3.971577425658494e-05,2022-07-31,2022-08-01
,2022-08-01,2022-08-02
,2022-08-02,2022-08-03
,2022-08-03,2022-08-04
,2022-08-04,2022-08-05
0.00018718362760228874,2022-08-05,2022-08-06
-8.888445964777543e-05,2022-08-06,2022-08-07
0.00011866204148669412,2022-08-07,2022-08-08
0.00011732463422556846,2022-08-08,2022-08-09
3.577834263232899e-05,2022-08-09,2022-08-10
0.00011752677270318609,2022-08-10,2022-08-11
5.021919417175698e-05,2022-08-11,2022-08-12
9.896694818219026e-05,2022-08-12,2022-08-13
0.00011938993167906677,2022-08-13,2022-08-14
0.00014486107452808502,2022-08-14,2022-08-15
0.00019839773209669772,2022-08-15,2022-08-16
0.00022715877096427493,2022-08-16,2022-08-17
,2022-08-17,2022-08-18
0.0001544886566656521,2022-08-18,2022-08-19
0.00012930532480165635,2022-08-19,2022-08-20
8.627663142205373e-05,2022-08-20,2022-08-21
1.5000461895482705e-05,2022-08-21,2022-08-22
5.0106186186515035e-05,2022-08-22,2022-08-23
0.0001283124504349133,2022-08-23,2022-08-24
4.451051588118692e-05,2022-08-24,2022-08-25
0.00010116380149484789,2022-08-25,2022-08-26
,2022-08-26,2022-08-27
,2022-08-27,2022-08-28
4.618392822722968e-05,2022-08-28,2022-08-29
6.686288312300899e-05,2022-08-29,2022-08-30
0.0002854885921046463,2022-08-30,2022-08-31
,2022-08-31,2022-09-01
1.565693229198301e-05,2022-09-01,2022-09-02
,2022-09-02,2022-09-03
0.00016415970489613176,2022-09-03,2022-09-04
8.963632004252892e-05,2022-09-04,2022-09-05
,2022-09-05,2022-09-06
-6.792699338687377e-07,2022-09-06,2022-09-07
,2022-09-07,2022-09-08
-9.762795257692533e-05,2022-09-08,2022-09-09
0.00020113650784048167,2022-09-09,2022-09-10
9.526850211364746e-05,2022-09-10,2022-09-11
2.9657231478593723e-05,2022-09-11,2022-09-12
0.00011794235724100062,2022-09-12,2022-09-13
-2.8144549066399535e-05,2022-09-13,2022-09-14
0.00011945566312226517,2022-09-14,2022-09-15
0.00011835303368508201,2022-09-15,2022-09-16
6.67730233906734e-05,2022-09-16,2022-09-17
0.00011779045139948574,2022-09-17,2022-09-18
,2022-09-18,2022-09-19
,2022-09-19,2022-09-20
6.779620784954384e-05,2022-09-20,2022-09-21
9.969666763326336e-05,2022-09-21,2022-09-22
-8.3641799090739e-06,2022-09-22,2022-09-23
4.330000450661065e-05,2022-09-23,2022-09-24
0.00011424771851949139,2022-09-24,2022-09-25
0.0001264227674242825,2022-09-25,2022-09-26
0.00011984710714945948,2022-09-26,2022-09-27
8.919575350173417e-05,2022-09-27,2022-09-28
9.765906456031499e-05,2022-09-28,2022-09-29
-3.93390734326406e-05,2022-09-29,2022-09-30
,2022-09-30,2022-10-01
4.887545280632972e-05,2022-10-01,2022-10-02
0.00013373928125152298,2022-10-02,2022-10-03
,2022-10-03,2022-10-04
0.00022209594064691546,2022-10-04,2022-10-05
0.0001123306889854816,2022-10-05,2022-10-06
0.00012009574387596322,2022-10-06,2022-10-07
,2022-10-07,2022-10-08
0.0001594884198312498,2022-10-08,2022-10-09
3.742045062930536e-05,2022-10-09,2022-10-10
0.00014191392441526783,2022-10-10,2022-10-11
6.093067180363016e-05,2022-10-11,2022-10-12
,2022-10-12,2022-10-13
,2022-10-13,2022-10-14
,2022-10-14,2022-10-15
,2022-10-15,2022-10-16
-3.318492890599806e-05,2022-10-16,2022-10-17
,2022-10-17,2022-10-18
,2022-10-18,2022-10-19
0.00013709295377620548,2022-10-19,2022-10-20
7.301117473730344e-05,2022-10-20,2022-10-21
,2022-10-21,2022-10-22
,2022-10-22,2022-10-23
,2022-10-23,2022-10-24
,2022-10-24,2022-10-25
8.680718300411579e-05,2022-10-25,2022-10-26
0.00017344077567397212,2022-10-26,2022-10-27
0.00019960047980479003,2022-10-27,2022-10-28
0.00017925473754784848,2022-10-28,2022-10-29
0.00027618845640861795,2022-10-29,2022-10-30
0.0001309716753479318,2022-10-30,2022-10-31
0.00011191437805246622,2022-10-31,2022-11-01
,2022-11-01,2022-11-02
3.077457940725442e-05,2022-11-02,2022-11-03
0.00043438637418395247,2022-11-03,2022-11-04
8.559237242551563e-05,2022-11-04,2022-11-05
,2022-11-05,2022-11-06
0.00022272224101727467,2022-11-06,2022-11-07
,2022-11-07,2022-11-08
0.00017231260376694466,2022-11-08,2022-11-09
0.00014134703810809584,2022-11-09,2022-11-10
,2022-11-10,2022-11-11
,2022-11-11,2022-11-12
,2022-11-12,2022-11-13
0.00010366064686951961,2022-11-13,2022-11-14
0.00014910141928552447,2022-11-14,2022-11-15
,2022-11-15,2022-11-16
0.0002833004723424327,2022-11-16,2022-11-17
0.0001442376487557661,2022-11-17,2022-11-18
0.00019044359016292042,2022-11-18,2022-11-19
,2022-11-19,2022-11-20
,2022-11-20,2022-11-21
,2022-11-21,2022-11-22
0.00015113034401839686,2022-11-22,2022-11-23
7.857260077207959e-05,2022-11-23,2022-11-24
0.0001040901177472411,2022-11-24,2022-11-25
9.986190039853192e-05,2022-11-25,2022-11-26
0.00020810144313526642,2022-11-26,2022-11-27
0.00019352375042723508,2022-11-27,2022-11-28
8.13541344469962e-05,2022-11-28,2022-11-29
0.00024196596063669665,2022-11-29,2022-11-30
0.00019007557591923182,2022-11-30,2022-12-01
0.0002267515752639302,2022-12-01,2022-12-02
0.00018734315367588685,2022-12-02,2022-12-03
0.00014651574922867306,2022-12-03,2022-12-04
9.463952468845655e-05,2022-12-04,2022-12-05
0.00018208332689623535,2022-12-05,2022-12-06
0.00012847344616996137,2022-12-06,2022-12-07
,2022-12-07,2022-12-08
,2022-12-08,2022-12-09
,2022-12-09,2022-12-10
,2022-12-10,2022-12-11
,2022-12-11,2022-12-12
,2022-12-12,2022-12-13
0.00015686944366597976,2022-12-13,2022-12-14
0.0002459941971244442,2022-12-14,2022-12-15
6.553380434996898e-05,2022-12-15,2022-12-16
0.00019186051172422476,2022-12-16,2022-12-17
0.0002522981385178701,2022-12-17,2022-12-18
,2022-12-18,2022-12-19
,2022-12-19,2022-12-20
0.00012486093160566655,2022-12-20,2022-12-21
,2022-12-21,2022-12-22
0.0001935902395780404,2022-12-22,2022-12-23
,2022-12-23,2022-12-24
1.7986231245991374e-05,2022-12-24,2022-12-25
,2022-12-25,2022-12-26
0.00011060291869765743,2022-12-26,2022-12-27
0.00016780656325545668,2022-12-27,2022-12-28
0.00017020718772452534,2022-12-28,2022-12-29
0.000297780201251193,2022-12-29,2022-12-30
0.00022595562112451918,2022-12-30,2022-12-31
0.0004770094775035604,2022-12-31,2023-01-01
0.00021953301109939536,2023-01-01,2023-01-02
0.00021007280338308725,2023-01-02,2023-01-03
0.0001599005386365537,2023-01-03,2023-01-04
0.000242295301221371,2023-01-04,2023-01-05
0.0002767170438908803,2023-01-05,2023-01-06
6.85503448811268e-05,2023-01-06,2023-01-07
,2023-01-07,2023-01-08
,2023-01-08,2023-01-09
0.0001428822234902424,2023-01-09,2023-01-10
0.00012098818346265575,2023-01-10,2023-01-11
0.00022113900021108213,2023-01-11,2023-01-12
0.00023065302450388207,2023-01-12,2023-01-13
0.00031887290981367513,2023-01-13,2023-01-14
0.0002098181424171668,2023-01-14,2023-01-15
0.00023985175388642065,2023-01-15,2023-01-16
0.00027234112926240704,2023-01-16,2023-01-17
,2023-01-17,2023-01-18
0.0002571520123029607,2023-01-18,2023-01-19
0.0002667527721204542,2023-01-19,2023-01-20
0.00019443325416627867,2023-01-20,2023-01-21
,2023-01-21,2023-01-22
,2023-01-22,2023-01-23
,2023-01-23,2023-01-24
,2023-01-24,2023-01-25
0.00015952758607967388,2023-01-25,2023-01-26
0.00025701941493724514,2023-01-26,2023-01-27
0.0002392130698381142,2023-01-27,2023-01-28
0.00010142224178868142,2023-01-28,2023-01-29
0.00014693984120983533,2023-01-29,2023-01-30
,2023-01-30,2023-01-31
,2023-01-31,2023-02-01
,2023-02-01,2023-02-02
,2023-02-02,2023-02-03
,2023-02-03,2023-02-04
0.00033878028062457865,2023-02-04,2023-02-05
7.442722707856339e-05,2023-02-05,2023-02-06
,2023-02-06,2023-02-07
-3.545101436306722e-05,2023-02-07,2023-02-08
0.0002955471068557156,2023-02-08,2023-02-09
,2023-02-09,2023-02-10
0.00018626428303333156,2023-02-10,2023-02-11
0.00023906221620930855,2023-02-11,2023-02-12
0.0002887936296956068,2023-02-12,2023-02-13
0.0004747360277069082,2023-02-13,2023-02-14
0.00017986145294440577,2023-02-14,2023-02-15
0.00016079552278887234,2023-02-15,2023-02-16
0.0002717534187798877,2023-02-16,2023-02-17
0.00015188253520817408,2023-02-17,2023-02-18
0.00020488132246221846,2023-02-18,2023-02-19
0.00018627421052699978,2023-02-19,2023-02-20
,2023-02-20,2023-02-21
0.00011963184326871612,2023-02-21,2023-02-22
0.00021088881255324523,2023-02-22,2023-02-23
0.00022093725638778878,2023-02-23,2023-02-24
0.000312057257954042,2023-02-24,2023-02-25
,2023-02-25,2023-02-26
0.00017385971900083538,2023-02-26,2023-02-27
0.00011323634964118228,2023-02-27,2023-02-28
,2023-02-28,2023-03-01
0.00024133386733144388,2023-03-01,2023-03-02
,2023-03-02,2023-03-03
0.0002561019714159853,2023-03-03,2023-03-04
,2023-03-04,2023-03-05
0.00020406722294536602,2023-03-05,2023-03-06
0.00024253186731480397,2023-03-06,2023-03-07
0.000279558253198835,2023-03-07,2023-03-08
0.00011444865075305466,2023-03-08,2023-03-09
0.000284626591829284,2023-03-09,2023-03-10
,2023-03-10,2023-03-11
0.0003995998401847812,2023-03-11,2023-03-12
0.00016238641317621586,2023-03-12,2023-03-13
6.238638619821683e-05,2023-03-13,2023-03-14
0.00025578113643144975,2023-03-14,2023-03-15
0.0003653998779163633,2023-03-15,2023-03-16
0.00023877905594386995,2023-03-16,2023-03-17
0.00023469145764768462,2023-03-17,2023-03-18
0.0001657164287779484,2023-03-18,2023-03-19
0.00013007041573815466,2023-03-19,2023-03-20
0.0001342436271290744,2023-03-20,2023-03-21
0.00013531069507469664,2023-03-21,2023-03-22
9.233913584225327e-05,2023-03-22,2023-03-23
0.00024268261907341623,2023-03-23,2023-03-24
0.0004017217600491957,2023-03-24,2023-03-25
0.0002571196706745364,2023-03-25,2023-03-26
0.0003344852302632867,2023-03-26,2023-03-27
0.00012756651209626136,2023-03-27,2023-03-28
0.0002766848366568991,2023-03-28,2023-03-29
3.4584791436822145e-05,2023-03-29,2023-03-30
8.931601917643939e-05,2023-03-30,2023-03-31
0.00018308580325291908,2023-03-31,2023-04-01
0.0002053332775388798,2023-04-01,2023-04-02
0.00013160350035884807,2023-04-02,2023-04-03
7.432237620743323e-05,2023-04-03,2023-04-04
0.00025602346031215864,2023-04-04,2023-04-05
0.00017324169712089316,2023-04-05,2023-04-06
0.0003923904408689435,2023-04-06,2023-04-07
0.00022585573893685074,2023-04-07,2023-04-08
0.0003848615360151963,2023-04-08,2023-04-09
0.00022472901224796128,2023-04-09,2023-04-10
0.0002064825167298486,2023-04-10,2023-04-11
0.00019120683590128469,2023-04-11,2023-04-12
0.0002973597449659359,2023-04-12,2023-04-13
0.00025669363258123187,2023-04-13,2023-04-14
,2023-04-14,2023-04-15
9.270199549247631e-05,2023-04-15,2023-04-16
0.00015133785210255104,2023-04-16,2023-04-17
0.0001750330668689646,2023-04-17,2023-04-18
0.0002858527254950528,2023-04-18,2023-04-19
9.52240811872514e-05,2023-04-19,2023-04-20
0.00011031792674861957,2023-04-20,2023-04-21
0.000154652964452181,2023-04-21,2023-04-22
,2023-04-22,2023-04-23
0.0001552603557529877,2023-04-23,2023-04-24
0.00023845082554326338,2023-04-24,2023-04-25
0.0002849953847845196,2023-04-25,2023-04-26
0.00024067647251893202,2023-04-26,2023-04-27
0.00021285403276429093,2023-04-27,2023-04-28
0.00023072851415443084,2023-04-28,2023-04-29
,2023-04-29,2023-04-30
,2023-04-30,2023-05-01
,2023-05-01,2023-05-02
,2023-05-02,2023-05-03
,2023-05-03,2023-05-04
0.00015326291038279339,2023-05-04,2023-05-05
,2023-05-05,2023-05-06
,2023-05-06,2023-05-07
4.3926148807081084e-05,2023-05-07,2023-05-08
,2023-05-08,2023-05-09
,2023-05-09,2023-05-10
,2023-05-10,2023-05-11
,2023-05-11,2023-05-12
0.00013782837068218248,2023-05-12,2023-05-13
0.00013320822652931573,2023-05-13,2023-05-14
,2023-05-14,2023-05-15
7.7058257194474e-05,2023-05-15,2023-05-16
,2023-05-16,2023-05-17
0.00022817361375228906,2023-05-17,2023-05-18
0.00021320416127182487,2023-05-18,2023-05-19
0.00017395513390928372,2023-05-19,2023-05-20
0.00015706950409117218,2023-05-20,2023-05-21
0.00027890889762277046,2023-05-21,2023-05-22
8.94065894187494e-05,2023-05-22,2023-05-23
9.73047167953993e-05,2023-05-23,2023-05-24
0.00010612557240570539,2023-05-24,2023-05-25
0.00012558607653222927,2023-05-25,2023-05-26
1.3122864808040422e-05,2023-05-26,2023-05-27
0.0001341033085957105,2023-05-27,2023-05-28
0.00013409992113364234,2023-05-28,2023-05-29
0.00019058767047900596,2023-05-29,2023-05-30
6.477826087013601e-05,2023-05-30,2023-05-31
0.0001727320240893407,2023-05-31,2023-06-01
,2023-06-01,2023-06-02
4.6916606837504464e-05,2023-06-02,2023-06-03
0.00015853284246657338,2023-06-03,2023-06-04
0.0001542145636466108,2023-06-04,2023-06-05
0.00016797342733058888,2023-06-05,2023-06-06
-6.942268566557468e-06,2023-06-06,2023-06-07
,2023-06-07,2023-06-08
,2023-06-08,2023-06-09
0.00014482421223652924,2023-06-09,2023-06-10
0.00012971453749997832,2023-06-10,2023-06-11
,2023-06-11,2023-06-12
,2023-06-12,2023-06-13
0.00013546839990015593,2023-06-13,2023-06-14
0.00017762155231442189,2023-06-14,2023-06-15
5.575482947222086e-05,2023-06-15,2023-06-16
0.0001379560092358465,2023-06-16,2023-06-17
,2023-06-17,2023-06-18
,2023-06-18,2023-06-19
0.0003598603489070314,2023-06-19,2023-06-20
1.2531411715388398e-05,2023-06-20,2023-06-21
0.0002434134838518539,2023-06-21,2023-06-22
8.405771039701697e-05,2023-06-22,2023-06-23
0.00014424024334456738,2023-06-23,2023-06-24
0.0002077698634261495,2023-06-24,2023-06-25
0.00012375733668767636,2023-06-25,2023-06-26
0.0001477885171896046,2023-06-26,2023-06-27
,2023-06-27,2023-06-28
1.4333644061966586e-05,2023-06-28,2023-06-29
,2023-06-29,2023-06-30
1.325340185282247e-05,2023-06-30,2023-07-01
0.00019657970017647873,2023-07-01,2023-07-02
,2023-07-02,2023-07-03
,2023-07-03,2023-07-04
,2023-07-04,2023-07-05
0.00011850831685341343,2023-07-05,2023-07-06
0.00013869231936603448,2023-07-06,2023-07-07
9.573535359065672e-05,2023-07-07,2023-07-08
5.504892634695112e-05,2023-07-08,2023-07-09
4.642524248178506e-05,2023-07-09,2023-07-10
,2023-07-10,2023-07-11
,2023-07-11,2023-07-12
0.00015989638537916437,2023-07-12,2023-07-13
0.00015274971575748427,2023-07-13,2023-07-14
0.00010041070366257929,2023-07-14,2023-07-15
0.00016556432224360885,2023-07-15,2023-07-16
0.0001146144673335909,2023-07-16,2023-07-17
4.822160734924319e-05,2023-07-17,2023-07-18
9.505402648022164e-05,2023-07-18,2023-07-19
,2023-07-19,2023-07-20
-2.7580006376565908e-05,2023-07-20,2023-07-21
1.6985332973000637e-05,2023-07-21,2023-07-22
8.844224326264944e-05,2023-07-22,2023-07-23
6.397429043782942e-05,2023-07-23,2023-07-24
7.420482356318856e-05,2023-07-24,2023-07-25
,2023-07-25,2023-07-26
,2023-07-26,2023-07-27
0.00014750084158520583,2023-07-27,2023-07-28
8.305317230133278e-05,2023-07-28,2023-07-29
5.678087329895237e-05,2023-07-29,2023-07-30
7.080208909908318e-05,2023-07-30,2023-07-31
7.987789167005929e-05,2023-07-31,2023-08-01
-2.9614005552522012e-05,2023-08-01,2023-08-02
6.640316807957227e-05,2023-08-02,2023-08-03
2.3061273295183957e-05,2023-08-03,2023-08-04
,2023-08-04,2023-08-05
0.00013732894081580038,2023-08-05,2023-08-06
0.00027651631791102577,2023-08-06,2023-08-07
0.00017200212413251355,2023-08-07,2023-08-08
6.775043618722536e-05,2023-08-08,2023-08-09
9.807306998533207e-05,2023-08-09,2023-08-10
-5.8329925395459876e-05,2023-08-10,2023-08-11
0.0001510921860195737,2023-08-11,2023-08-12
9.13440138218456e-05,2023-08-12,2023-08-13
-3.2173214930791106e-05,2023-08-13,2023-08-14
8.33121564612838e-05,2023-08-14,2023-08-15
-4.0600970456936095e-05,2023-08-15,2023-08-16
0.00013134046297502483,2023-08-16,2023-08-17
8.310050639473326e-06,2023-08-17,2023-08-18
9.198231105990012e-05,2023-08-18,2023-08-19
0.0002014292124136962,2023-08-19,2023-08-20
,2023-08-20,2023-08-21
4.839257349692342e-05,2023-08-21,2023-08-22
9.956961561465627e-05,2023-08-22,2023-08-23
1.4427503888096507e-05,2023-08-23,2023-08-24
0.00016675169154997994,2023-08-24,2023-08-25
6.351030303782124e-05,2023-08-25,2023-08-26
9.040862851984018e-05,2023-08-26,2023-08-27
8.105410155856142e-05,2023-08-27,2023-08-28
5.2975075722986035e-05,2023-08-28,2023-08-29
,2023-08-29,2023-08-30
,2023-08-30,2023-08-31
,2023-08-31,2023-09-01
,2023-09-01,2023-09-02
,2023-09-02,2023-09-03
,2023-09-03,2023-09-04
0.00020016338596849772,2023-09-04,2023-09-05
,2023-09-05,2023-09-06
,2023-09-06,2023-09-07
,2023-09-07,2023-09-08
8.835512148641754e-05,2023-09-08,2023-09-09
0.0002638733384166435,2023-09-09,2023-09-10
3.74027103612667e-05,2023-09-10,2023-09-11
,2023-09-11,2023-09-12
9.754063759307574e-05,2023-09-12,2023-09-13
2.0597721347843087e-05,2023-09-13,2023-09-14
,2023-09-14,2023-09-15
5.9410302188624515e-05,2023-09-15,2023-09-16
,2023-09-16,2023-09-17
3.257089444897449e-05,2023-09-17,2023-09-18
,2023-09-18,2023-09-19
,2023-09-19,2023-09-20
0.00019184861877857376,2023-09-20,2023-09-21
,2023-09-21,2023-09-22
0.00023541600292204922,2023-09-22,2023-09-23
,2023-09-23,2023-09-24
0.00023850823991420448,2023-09-24,2023-09-25
8.027862794003629e-05,2023-09-25,2023-09-26
,2023-09-26,2023-09-27
,2023-09-27,2023-09-28
,2023-09-28,2023-09-29
0.00012200024030689499,2023-09-29,2023-09-30
,2023-09-30,2023-10-01
,2023-10-01,2023-10-02
,2023-10-02,2023-10-03
,2023-10-03,2023-10-04
,2023-10-04,2023-10-05
8.981570357760975e-05,2023-10-05,2023-10-06
,2023-10-06,2023-10-07
,2023-10-07,2023-10-08
7.651310194893549e-05,2023-10-08,2023-10-09
7.160477165975591e-05,2023-10-09,2023-10-10
0.00016075150085399157,2023-10-10,2023-10-11
,2023-10-11,2023-10-12
,2023-10-12,2023-10-13
0.00011054672778152677,2023-10-13,2023-10-14
0.00012751137900198569,2023-10-14,2023-10-15
0.0001106959688466871,2023-10-15,2023-10-16
3.732804671389905e-05,2023-10-16,2023-10-17
0.00014982460660564403,2023-10-17,2023-10-18
,2023-10-18,2023-10-19
,2023-10-19,2023-10-20
6.573905740465747e-05,2023-10-20,2023-10-21
,2023-10-21,2023-10-22
0.0002554692645499703,2023-10-22,2023-10-23
,2023-10-23,2023-10-24
0.00012200921062812364,2023-10-24,2023-10-25
0.0001803767678709412,2023-10-25,2023-10-26
0.00022092966794323468,2023-10-26,2023-10-27
0.00024288635703527555,2023-10-27,2023-10-28
0.0003210157011088751,2023-10-28,2023-10-29
0.0001668342137546088,2023-10-29,2023-10-30
0.00016346910467827935,2023-10-30,2023-10-31
0.00010658065187150872,2023-10-31,2023-11-01
0.00015753477009397535,2023-11-01,2023-11-02
0.00028292175774720016,2023-11-02,2023-11-03
0.00026678211116248614,2023-11-03,2023-11-04
0.00020700601694018922,2023-11-04,2023-11-05
0.0001578032103941339,2023-11-05,2023-11-06
0.00021414863649359288,2023-11-06,2023-11-07
0.0002324060021617442,2023-11-07,2023-11-08
,2023-11-08,2023-11-09
0.00016633950135641206,2023-11-09,2023-11-10
0.00021117496024403498,2023-11-10,2023-11-11
0.0001872368597521225,2023-11-11,2023-11-12
0.0001335664092964046,2023-11-12,2023-11-13
0.0004988439781740778,2023-11-13,2023-11-14
0.00013148126418785708,2023-11-14,2023-11-15
7.207867952360086e-05,2023-11-15,2023-11-16
0.00015142106264863313,2023-11-16,2023-11-17
2.791562832674434e-05,2023-11-17,2023-11-18
0.00014981342230300387,2023-11-18,2023-11-19
0.00018969941582438462,2023-11-19,2023-11-20
0.00012095320493956542,2023-11-20,2023-11-21
6.5280678192111e-05,2023-11-21,2023-11-22
,2023-11-22,2023-11-23
0.00015289454573374434,2023-11-23,2023-11-24
,2023-11-24,2023-11-25
0.00025267769611583536,2023-11-25,2023-11-26
0.00019278492281996976,2023-11-26,2023-11-27
0.00021643744432652998,2023-11-27,2023-11-28
,2023-11-28,2023-11-29
0.00021415567134261965,2023-11-29,2023-11-30
7.061043875407501e-05,2023-11-30,2023-12-01
,2023-12-01,2023-12-02
,2023-12-02,2023-12-03
0.00014071340388624898,2023-12-03,2023-12-04
,2023-12-04,2023-12-05
,2023-12-05,2023-12-06
,2023-12-06,2023-12-07
0.00011538983972996391,2023-12-07,2023-12-08
0.0002443900741963214,2023-12-08,2023-12-09
0.0003804756017989299,2023-12-09,2023-12-10
,2023-12-10,2023-12-11
0.00023430505694403868,2023-12-11,2023-12-12
3.7601686208105686e-05,2023-12-12,2023-12-13
0.00012948172573087316,2023-12-13,2023-12-14
,2023-12-14,2023-12-15
,2023-12-15,2023-12-16
0.00013112217101846223,2023-12-16,2023-12-17
-8.258288984594488e-06,2023-12-17,2023-12-18
0.00016267016309349646,2023-12-18,2023-12-19
0.0002285477098267873,2023-12-19,2023-12-20
,2023-12-20,2023-12-21
0.00019686712111747725,2023-12-21,2023-12-22
0.0002490088089978057,2023-12-22,2023-12-23
0.0002660439145573427,2023-12-23,2023-12-24
0.0001817615041144017,2023-12-24,2023-12-25
0.00034335720562301474,2023-12-25,2023-12-26
,2023-12-26,2023-12-27
0.00011817717963714647,2023-12-27,2023-12-28
,2023-12-28,2023-12-29
,2023-12-29,2023-12-30
0.00013982532532377296,2023-12-30,2023-12-31
8.036317559567e-05,2023-12-31,2024-01-01
